{
  "John Peterson": {
    "age": 20,
    "address": "Turku",
    "occupation": "Doctor"
  },
  "John Munoz": {
    "age": 26,
    "address": "Oulu",
    "occupation": "Nurse"
  },
  "Samantha Kennedy": {
    "age": 27,
    "address": "Turku",
    "occupation": "Researcher"
  },
  "Tiffany Munoz": {
    "age": 21,
    "address": "Tampere",
    "occupation": "Programmer"
  },
  "Thea Peterson": {
    "age": 55,
    "address": "Helsinki",
    "occupation": "Programmer"
  },
  "Evie Kennedy": {
    "age": 32,
    "address": "Lapland",
    "occupation": "Programmer"
  },
  "Beth Wagner": {
    "age": 37,
    "address": "Tampere",
    "occupation": "Programmer"
  },
  "Marie Reid": {
    "age": 42,
    "address": "Helsinki",
    "occupation": "Programmer"
  },
  "John Reid": {
    "age": 46,
    "address": "Oulu",
    "occupation": "Doctor"
  },
  "Adele Wagner": {
    "age": 37,
    "address": "Oulu",
    "occupation": "Doctor"
  },
  "Lola Reid": {
    "age": 32,
    "address": "Oulu",
    "occupation": "Analyst"
  },
  "Charlie Peterson": {
    "age": 41,
    "address": "Tampere",
    "occupation": "Doctor"
  },
  "Tiffany Kennedy": {
    "age": 37,
    "address": "Tampere",
    "occupation": "Doctor"
  },
  "Evie Wagner": {
    "age": 51,
    "address": "Lapland",
    "occupation": "Analyst"
  },
  "Annie Reid": {
    "age": 21,
    "address": "Tampere",
    "occupation": "Doctor"
  },
  "Aeysha Kennedy": {
    "age": 35,
    "address": "Turku",
    "occupation": "Analyst"
  },
  "Jacqueline Peterson": {
    "age": 26,
    "address": "Helsinki",
    "occupation": "Researcher"
  },
  "Amirah Wagner": {
    "age": 46,
    "address": "Oulu",
    "occupation": "Programmer"
  },
  "Beth Peterson": {
    "age": 34,
    "address": "Oulu",
    "occupation": "Analyst"
  },
  "Gabrielle Munoz": {
    "age": 47,
    "address": "Helsinki",
    "occupation": "Doctor"
  },
  "Gabrielle Wagner": {
    "age": 29,
    "address": "Lapland",
    "occupation": "Doctor"
  },
  "Marie Munoz": {
    "age": 24,
    "address": "Oulu",
    "occupation": "Nurse"
  },
  "Beth Kennedy": {
    "age": 44,
    "address": "Turku",
    "occupation": "Doctor"
  },
  "Gabrielle Reid": {
    "age": 20,
    "address": "Turku",
    "occupation": "Nurse"
  },
  "Aimee Reid": {
    "age": 47,
    "address": "Turku",
    "occupation": "Programmer"
  },
  "Thea Wagner": {
    "age": 55,
    "address": "Tampere",
    "occupation": "Programmer"
  },
  "Aeysha Reid": {
    "age": 50,
    "address": "Oulu",
    "occupation": "Analyst"
  },
  "Adele Peterson": {
    "age": 42,
    "address": "Tampere",
    "occupation": "Programmer"
  },
  "Gabrielle Peterson": {
    "age": 32,
    "address": "Helsinki",
    "occupation": "Doctor"
  },
  "Amirah Reid": {
    "age": 36,
    "address": "Helsinki",
    "occupation": "Nurse"
  },
  "Aeysha Munoz": {
    "age": 42,
    "address": "Oulu",
    "occupation": "Doctor"
  },
  "Annie Wagner": {
    "age": 50,
    "address": "Oulu",
    "occupation": "Doctor"
  },
  "Samantha Peterson": {
    "age": 48,
    "address": "Tampere",
    "occupation": "Doctor"
  },
  "Thea Kennedy": {
    "age": 43,
    "address": "Tampere",
    "occupation": "Researcher"
  },
  "Lola Munoz": {
    "age": 28,
    "address": "Tampere",
    "occupation": "Researcher"
  },
  "Kimberly Reid": {
    "age": 44,
    "address": "Lapland",
    "occupation": "Doctor"
  },
  "Adele Kennedy": {
    "age": 32,
    "address": "Oulu",
    "occupation": "Analyst"
  },
  "Kimberly Kennedy": {
    "age": 41,
    "address": "Lapland",
    "occupation": "Programmer"
  },
  "Amirah Munoz": {
    "age": 45,
    "address": "Lapland",
    "occupation": "Doctor"
  },
  "Aimee Munoz": {
    "age": 24,
    "address": "Turku",
    "occupation": "Programmer"
  },
  "Samantha Reid": {
    "age": 21,
    "address": "Oulu",
    "occupation": "Researcher"
  },
  "Taylor Munoz": {
    "age": 53,
    "address": "Oulu",
    "occupation": "Researcher"
  },
  "John Wagner": {
    "age": 51,
    "address": "Turku",
    "occupation": "Nurse"
  },
  "Aimee Peterson": {
    "age": 55,
    "address": "Tampere",
    "occupation": "Doctor"
  },
  "Evie Peterson": {
    "age": 46,
    "address": "Oulu",
    "occupation": "Doctor"
  },
  "Aimee Kennedy": {
    "age": 29,
    "address": "Lapland",
    "occupation": "Researcher"
  },
  "Adele Reid": {
    "age": 46,
    "address": "Lapland",
    "occupation": "Researcher"
  },
  "Taylor Peterson": {
    "age": 55,
    "address": "Helsinki",
    "occupation": "Nurse"
  },
  "Gabrielle Kennedy": {
    "age": 30,
    "address": "Lapland",
    "occupation": "Analyst"
  },
  "Lola Peterson": {
    "age": 31,
    "address": "Helsinki",
    "occupation": "Doctor"
  },
  "Thea Reid": {
    "age": 33,
    "address": "Oulu",
    "occupation": "Nurse"
  },
  "Amirah Kennedy": {
    "age": 42,
    "address": "Oulu",
    "occupation": "Nurse"
  },
  "Taylor Wagner": {
    "age": 53,
    "address": "Turku",
    "occupation": "Doctor"
  },
  "Lola Wagner": {
    "age": 49,
    "address": "Oulu",
    "occupation": "Analyst"
  },
  "Jacqueline Munoz": {
    "age": 42,
    "address": "Helsinki",
    "occupation": "Programmer"
  },
  "Amirah Peterson": {
    "age": 22,
    "address": "Lapland",
    "occupation": "Nurse"
  },
  "Kimberly Peterson": {
    "age": 28,
    "address": "Tampere",
    "occupation": "Nurse"
  },
  "Charlie Reid": {
    "age": 45,
    "address": "Helsinki",
    "occupation": "Researcher"
  },
  "Beth Munoz": {
    "age": 21,
    "address": "Lapland",
    "occupation": "Programmer"
  },
  "Mariam Kennedy": {
    "age": 45,
    "address": "Tampere",
    "occupation": "Analyst"
  },
  "Marie Peterson": {
    "age": 26,
    "address": "Tampere",
    "occupation": "Analyst"
  },
  "Tiffany Reid": {
    "age": 25,
    "address": "Oulu",
    "occupation": "Analyst"
  },
  "Kimberly Wagner": {
    "age": 20,
    "address": "Tampere",
    "occupation": "Programmer"
  },
  "Evie Reid": {
    "age": 47,
    "address": "Lapland",
    "occupation": "Nurse"
  },
  "Adele Munoz": {
    "age": 34,
    "address": "Helsinki",
    "occupation": "Researcher"
  },
  "Evie Munoz": {
    "age": 52,
    "address": "Oulu",
    "occupation": "Researcher"
  },
  "Annie Peterson": {
    "age": 22,
    "address": "Oulu",
    "occupation": "Programmer"
  },
  "Annie Kennedy": {
    "age": 47,
    "address": "Lapland",
    "occupation": "Doctor"
  },
  "Thea Munoz": {
    "age": 42,
    "address": "Helsinki",
    "occupation": "Analyst"
  },
  "Jacqueline Reid": {
    "age": 45,
    "address": "Oulu",
    "occupation": "Programmer"
  },
  "Mariam Peterson": {
    "age": 33,
    "address": "Tampere",
    "occupation": "Analyst"
  },
  "Aimee Wagner": {
    "age": 50,
    "address": "Helsinki",
    "occupation": "Researcher"
  },
  "Kimberly Munoz": {
    "age": 45,
    "address": "Oulu",
    "occupation": "Researcher"
  },
  "Tiffany Wagner": {
    "age": 19,
    "address": "Lapland",
    "occupation": "Programmer"
  },
  "Marie Kennedy": {
    "age": 50,
    "address": "Oulu",
    "occupation": "Researcher"
  },
  "Aeysha Peterson": {
    "age": 21,
    "address": "Turku",
    "occupation": "Nurse"
  },
  "Taylor Reid": {
    "age": 20,
    "address": "Tampere",
    "occupation": "Doctor"
  },
  "Jacqueline Wagner": {
    "age": 40,
    "address": "Tampere",
    "occupation": "Researcher"
  },
  "Charlie Kennedy": {
    "age": 54,
    "address": "Lapland",
    "occupation": "Doctor"
  },
  "Samantha Wagner": {
    "age": 38,
    "address": "Lapland",
    "occupation": "Nurse"
  },
  "Charlie Munoz": {
    "age": 42,
    "address": "Oulu",
    "occupation": "Doctor"
  },
  "Aeysha Wagner": {
    "age": 23,
    "address": "Helsinki",
    "occupation": "Analyst"
  },
  "Marie Wagner": {
    "age": 45,
    "address": "Tampere",
    "occupation": "Programmer"
  }
}