{
    "Peterson":{
        "count":18,
        "age":{
            "20":1,
            "55":3,
            "41":1,
            "26":2,
            "34":1,
            "42":1,
            "32":1,
            "48":1,
            "46":1,
            "31":1,
            "22":2,
            "28":1,
            "33":1,
            "21":1
        },
        "address":{
            "Turku":2,
            "Helsinki":5,
            "Tampere":7,
            "Oulu":3,
            "Lapland":1
        },
        "occupation":{
            "Doctor":7,
            "Programmer":3,
            "Researcher":1,
            "Analyst":3,
            "Nurse":4
        }
    },
    "Munoz":{
        "count":16,
        "age":{
            "26":1,
            "21":2,
            "47":1,
            "24":2,
            "42":4,
            "28":1,
            "45":2,
            "53":1,
            "34":1,
            "52":1
        },
        "address":{
            "Oulu":7,
            "Tampere":2,
            "Helsinki":4,
            "Lapland":2,
            "Turku":1
        },
        "occupation":{
            "Nurse":2,
            "Programmer":4,
            "Doctor":4,
            "Researcher":5,
            "Analyst":1
        }
    },
    "Kennedy":{
        "count":15,
        "age":{
            "27":1,
            "32":2,
            "37":1,
            "35":1,
            "44":1,
            "43":1,
            "41":1,
            "29":1,
            "30":1,
            "42":1,
            "45":1,
            "47":1,
            "50":1,
            "54":1
        },
        "address":{
            "Turku":3,
            "Lapland":6,
            "Tampere":3,
            "Oulu":3
        },
        "occupation":{
            "Researcher":4,
            "Programmer":2,
            "Doctor":4,
            "Analyst":4,
            "Nurse":1
        }
    },
    "Wagner":{
        "count":17,
        "age":{
            "37":2,
            "51":2,
            "46":1,
            "29":1,
            "55":1,
            "50":2,
            "53":1,
            "49":1,
            "20":1,
            "19":1,
            "40":1,
            "38":1,
            "23":1,
            "45":1
        },
        "address":{
            "Tampere":5,
            "Oulu":4,
            "Lapland":4,
            "Turku":2,
            "Helsinki":2
        },
        "occupation":{
            "Programmer":6,
            "Doctor":4,
            "Analyst":3,
            "Nurse":2,
            "Researcher":2
        }
    },
    "Reid":{
        "count":17,
        "age":{
            "42":1,
            "46":2,
            "32":1,
            "21":2,
            "20":2,
            "47":2,
            "50":1,
            "36":1,
            "44":1,
            "33":1,
            "45":2,
            "25":1
        },
        "address":{
            "Helsinki":3,
            "Oulu":7,
            "Tampere":2,
            "Turku":2,
            "Lapland":3
        },
        "occupation":{
            "Programmer":3,
            "Doctor":4,
            "Analyst":3,
            "Nurse":4,
            "Researcher":3
        }
    }
}