{
    "Hughes":{
        "count":11,
        "age":{
            "45":1,
            "44":1,
            "29":1,
            "37":1,
            "41":1,
            "43":1,
            "49":1,
            "42":1,
            "24":1,
            "30":1,
            "20":1
        },
        "address":{
            "Haapajarvi":1,
            "Alavieska":1,
            "Askola":1,
            "Kurikka":1,
            "Haapavesi":1,
            "Narpio":2,
            "Taivassalo":2,
            "Pirkkala":1,
            "Siikainen":1
        },
        "occupation":{
            "Civil engineer  consulting":1,
            "Technical author":1,
            "Hotel manager":1,
            "Economist":3,
            "Geologist  engineering":1,
            "Designer  blown glass\/stained glass":2,
            "Fitness centre manager":1,
            "Accountant  chartered public finance":1
        }
    },
    "Cline":{
        "count":12,
        "age":{
            "45":1,
            "28":1,
            "57":1,
            "43":2,
            "27":1,
            "54":1,
            "33":1,
            "49":1,
            "21":1,
            "38":2
        },
        "address":{
            "Kontiolahti":1,
            "Narpio":2,
            "Alavieska":1,
            "Pelkosenniemi":2,
            "Taivassalo":1,
            "Siikainen":1,
            "Kaskinen":2,
            "Kurikka":1,
            "Keuruu":1
        },
        "occupation":{
            "Designer  blown glass\/stained glass":1,
            "Therapist  occupational":2,
            "Music tutor":1,
            "Fitness centre manager":1,
            "Microbiologist":1,
            "Civil engineer  consulting":2,
            "Facilities manager":1,
            "Hotel manager":1,
            "Civil Service administrator":1,
            "Economist":1
        }
    },
    "Franklin":{
        "count":12,
        "age":{
            "57":1,
            "24":1,
            "27":2,
            "60":1,
            "50":1,
            "53":2,
            "59":1,
            "61":1,
            "35":1,
            "41":1
        },
        "address":{
            "Muurame":3,
            "Keuruu":1,
            "Kurikka":1,
            "Loimaa":2,
            "Imatra":1,
            "Haapavesi":1,
            "Siikainen":2,
            "Turku":1
        },
        "occupation":{
            "Recruitment consultant":3,
            "Technical author":1,
            "Fitness centre manager":1,
            "Facilities manager":3,
            "Economist":1,
            "Psychologist  sport and exercise":1,
            "Veterinary surgeon":1,
            "Geologist  engineering":1
        }
    },
    "Brown":{
        "count":12,
        "age":{
            "47":1,
            "42":1,
            "44":1,
            "35":1,
            "46":1,
            "59":1,
            "36":1,
            "23":1,
            "58":1,
            "54":1,
            "33":1,
            "19":1
        },
        "address":{
            "Taivassalo":1,
            "Alavieska":1,
            "Muurame":1,
            "Keuruu":1,
            "Loimaa":1,
            "Haapavesi":2,
            "Siikainen":1,
            "Turku":1,
            "Kurikka":1,
            "Kaskinen":1,
            "Askola":1
        },
        "occupation":{
            "Recruitment consultant":1,
            "Music tutor":1,
            "Civil engineer  consulting":1,
            "Facilities manager":1,
            "Veterinary surgeon":2,
            "Contracting civil engineer":1,
            "Hotel manager":1,
            "Geologist  engineering":1,
            "Designer  blown glass\/stained glass":1,
            "Economist":1,
            "Microbiologist":1
        }
    },
    "Campbell":{
        "count":13,
        "age":{
            "37":1,
            "38":1,
            "43":1,
            "40":1,
            "41":1,
            "33":1,
            "23":1,
            "56":1,
            "45":1,
            "25":1,
            "62":1,
            "53":1,
            "48":1
        },
        "address":{
            "Loimaa":2,
            "Kaskinen":3,
            "Muurame":1,
            "Narpio":1,
            "Askola":3,
            "Pelkosenniemi":1,
            "Haapajarvi":1,
            "Lumijoki":1
        },
        "occupation":{
            "Facilities manager":1,
            "Recruitment consultant":1,
            "Technical author":1,
            "Civil engineer  consulting":3,
            "Research officer  political party":1,
            "Animator":1,
            "Contracting civil engineer":1,
            "Psychologist  sport and exercise":1,
            "Hotel manager":1,
            "Microbiologist":1,
            "Music tutor":1
        }
    },
    "Combs":{
        "count":10,
        "age":{
            "36":1,
            "24":1,
            "38":1,
            "22":1,
            "44":1,
            "32":1,
            "42":1,
            "57":1,
            "49":2
        },
        "address":{
            "Kurikka":1,
            "Narpio":1,
            "Haapajarvi":2,
            "Pelkosenniemi":2,
            "Taivassalo":1,
            "Kaskinen":1,
            "Askola":1,
            "Lumijoki":1
        },
        "occupation":{
            "Geologist  engineering":1,
            "Animator":1,
            "Accountant  chartered public finance":1,
            "Recruitment consultant":1,
            "Veterinary surgeon":2,
            "Music tutor":1,
            "Fitness centre manager":1,
            "Civil Service administrator":1,
            "Designer  blown glass\/stained glass":1
        }
    },
    "Johnson":{
        "count":7,
        "age":{
            "37":1,
            "58":1,
            "40":1,
            "30":1,
            "24":1,
            "53":1,
            "52":1
        },
        "address":{
            "Pelkosenniemi":2,
            "Lumijoki":1,
            "Kurikka":2,
            "Kaskinen":2
        },
        "occupation":{
            "Microbiologist":1,
            "Contracting civil engineer":1,
            "Music tutor":1,
            "Research officer  political party":1,
            "Psychologist  sport and exercise":1,
            "Economist":1,
            "Designer  blown glass\/stained glass":1
        }
    },
    "Underwood":{
        "count":12,
        "age":{
            "51":1,
            "33":1,
            "38":2,
            "29":1,
            "62":1,
            "28":1,
            "30":1,
            "50":1,
            "58":1,
            "61":1,
            "41":1
        },
        "address":{
            "Askola":1,
            "Lumijoki":2,
            "Haapajarvi":1,
            "Muurame":1,
            "Turku":1,
            "Keuruu":1,
            "Pelkosenniemi":2,
            "Alavieska":1,
            "Kaskinen":1,
            "Loimaa":1
        },
        "occupation":{
            "Geologist  engineering":2,
            "Civil Service administrator":1,
            "Veterinary surgeon":1,
            "Research officer  political party":1,
            "Civil engineer  consulting":1,
            "Contracting civil engineer":1,
            "Accountant  chartered public finance":1,
            "Microbiologist":2,
            "Therapist  occupational":1,
            "Recruitment consultant":1
        }
    },
    "Jones":{
        "count":10,
        "age":{
            "22":1,
            "31":1,
            "53":1,
            "49":1,
            "34":1,
            "58":1,
            "55":2,
            "28":1,
            "42":1
        },
        "address":{
            "Haapajarvi":1,
            "Turku":3,
            "Askola":3,
            "Lumijoki":1,
            "Keuruu":1,
            "Narpio":1
        },
        "occupation":{
            "Hotel manager":1,
            "Technical author":2,
            "Music tutor":2,
            "Research officer  political party":1,
            "Accountant  chartered public finance":1,
            "Civil engineer  consulting":1,
            "Animator":1,
            "Microbiologist":1
        }
    },
    "Hayes":{
        "count":9,
        "age":{
            "32":1,
            "19":2,
            "27":2,
            "42":1,
            "22":1,
            "30":1,
            "60":1
        },
        "address":{
            "Haapajarvi":1,
            "Imatra":1,
            "Turku":1,
            "Loimaa":1,
            "Haapavesi":1,
            "Askola":1,
            "Kontiolahti":1,
            "Keuruu":2
        },
        "occupation":{
            "Research officer  political party":1,
            "Music tutor":2,
            "Psychologist  sport and exercise":1,
            "Technical author":2,
            "Civil engineer  consulting":1,
            "Geologist  engineering":1,
            "Economist":1
        }
    },
    "Knox":{
        "count":9,
        "age":{
            "51":1,
            "22":1,
            "55":1,
            "41":1,
            "57":1,
            "19":1,
            "35":1,
            "34":1,
            "33":1
        },
        "address":{
            "Muurame":1,
            "Haapajarvi":4,
            "Taivassalo":1,
            "Kurikka":1,
            "Imatra":1,
            "Lumijoki":1
        },
        "occupation":{
            "Accountant  chartered public finance":1,
            "Recruitment consultant":1,
            "Veterinary surgeon":2,
            "Economist":1,
            "Designer  blown glass\/stained glass":1,
            "Civil Service administrator":2,
            "Fitness centre manager":1
        }
    },
    "Atkins":{
        "count":5,
        "age":{
            "45":1,
            "28":2,
            "30":1,
            "62":1
        },
        "address":{
            "Haapavesi":1,
            "Kaskinen":1,
            "Siikainen":1,
            "Turku":1,
            "Lumijoki":1
        },
        "occupation":{
            "Psychologist  sport and exercise":1,
            "Geologist  engineering":1,
            "Animator":2,
            "Research officer  political party":1
        }
    },
    "Mason":{
        "count":7,
        "age":{
            "45":2,
            "19":1,
            "56":1,
            "27":1,
            "29":1,
            "60":1
        },
        "address":{
            "Muurame":1,
            "Haapajarvi":2,
            "Siikainen":1,
            "Haapavesi":1,
            "Imatra":1,
            "Loimaa":1
        },
        "occupation":{
            "Technical author":2,
            "Psychologist  sport and exercise":1,
            "Animator":1,
            "Microbiologist":1,
            "Civil Service administrator":1,
            "Accountant  chartered public finance":1
        }
    },
    "Smith":{
        "count":8,
        "age":{
            "23":1,
            "62":1,
            "35":1,
            "33":1,
            "54":1,
            "56":1,
            "57":1,
            "48":1
        },
        "address":{
            "Pelkosenniemi":1,
            "Askola":1,
            "Somero":1,
            "Lumijoki":1,
            "Siikainen":1,
            "Alavieska":1,
            "Kontiolahti":1,
            "Kaskinen":1
        },
        "occupation":{
            "Research officer  political party":1,
            "Facilities manager":2,
            "Animator":1,
            "Hotel manager":1,
            "Designer  blown glass\/stained glass":2,
            "Microbiologist":1
        }
    },
    "Powell":{
        "count":9,
        "age":{
            "31":1,
            "41":1,
            "51":1,
            "60":1,
            "20":1,
            "22":1,
            "44":1,
            "27":1,
            "19":1
        },
        "address":{
            "Pelkosenniemi":2,
            "Siikainen":1,
            "Haapajarvi":1,
            "Loimaa":1,
            "Lumijoki":1,
            "Kontiolahti":1,
            "Turku":1,
            "Pirkkala":1
        },
        "occupation":{
            "Therapist  occupational":2,
            "Economist":1,
            "Civil engineer  consulting":1,
            "Technical author":1,
            "Designer  blown glass\/stained glass":1,
            "Contracting civil engineer":1,
            "Facilities manager":1,
            "Hotel manager":1
        }
    },
    "Perry":{
        "count":8,
        "age":{
            "63":1,
            "35":3,
            "39":1,
            "54":2,
            "55":1
        },
        "address":{
            "Kontiolahti":1,
            "Kurikka":1,
            "Somero":1,
            "Turku":1,
            "Alavieska":2,
            "Taivassalo":1,
            "Pelkosenniemi":1
        },
        "occupation":{
            "Civil engineer  consulting":1,
            "Technical author":3,
            "Economist":1,
            "Hotel manager":1,
            "Contracting civil engineer":1,
            "Civil Service administrator":1
        }
    },
    "Martin":{
        "count":11,
        "age":{
            "43":1,
            "42":1,
            "23":1,
            "31":1,
            "56":1,
            "39":1,
            "60":1,
            "47":2,
            "46":1,
            "41":1
        },
        "address":{
            "Imatra":2,
            "Pirkkala":2,
            "Siikainen":1,
            "Alavieska":1,
            "Pelkosenniemi":2,
            "Kurikka":1,
            "Turku":1,
            "Somero":1
        },
        "occupation":{
            "Geologist  engineering":1,
            "Animator":3,
            "Therapist  occupational":1,
            "Facilities manager":2,
            "Technical author":1,
            "Recruitment consultant":2,
            "Accountant  chartered public finance":1
        }
    },
    "Berry":{
        "count":7,
        "age":{
            "22":1,
            "44":1,
            "59":1,
            "61":1,
            "62":1,
            "51":1,
            "40":1
        },
        "address":{
            "Askola":1,
            "Kaskinen":1,
            "Pelkosenniemi":2,
            "Kontiolahti":1,
            "Siikainen":1,
            "Somero":1
        },
        "occupation":{
            "Psychologist  sport and exercise":1,
            "Designer  blown glass\/stained glass":1,
            "Research officer  political party":1,
            "Contracting civil engineer":2,
            "Veterinary surgeon":1,
            "Facilities manager":1
        }
    },
    "Ramirez":{
        "count":8,
        "age":{
            "56":1,
            "27":1,
            "45":1,
            "21":1,
            "60":1,
            "53":1,
            "52":1,
            "31":1
        },
        "address":{
            "Askola":1,
            "Somero":1,
            "Narpio":1,
            "Haapajarvi":1,
            "Siikainen":1,
            "Imatra":1,
            "Kaskinen":1,
            "Turku":1
        },
        "occupation":{
            "Animator":1,
            "Accountant  chartered public finance":1,
            "Civil Service administrator":1,
            "Veterinary surgeon":2,
            "Economist":1,
            "Contracting civil engineer":1,
            "Technical author":1
        }
    }
}