{
    "Hughes":{
        "count":4,
        "age":{
            "45":1,
            "44":1,
            "29":1,
            "37":1
        },
        "address":{
            "Haapajarvi":1,
            "Alavieska":1,
            "Askola":1,
            "Kurikka":1
        },
        "occupation":{
            "Civil engineer  consulting":1,
            "Technical author":1,
            "Hotel manager":1,
            "Economist":1
        }
    },
    "Cline":{
        "count":7,
        "age":{
            "45":1,
            "28":1,
            "57":1,
            "43":2,
            "27":1,
            "54":1
        },
        "address":{
            "Kontiolahti":1,
            "Narpio":1,
            "Alavieska":1,
            "Pelkosenniemi":1,
            "Taivassalo":1,
            "Siikainen":1,
            "Kaskinen":1
        },
        "occupation":{
            "Designer  blown glass\/stained glass":1,
            "Therapist  occupational":1,
            "Music tutor":1,
            "Fitness centre manager":1,
            "Microbiologist":1,
            "Civil engineer  consulting":2
        }
    },
    "Franklin":{
        "count":8,
        "age":{
            "57":1,
            "24":1,
            "27":1,
            "60":1,
            "50":1,
            "53":1,
            "59":1,
            "61":1
        },
        "address":{
            "Muurame":2,
            "Keuruu":1,
            "Kurikka":1,
            "Loimaa":2,
            "Imatra":1,
            "Haapavesi":1
        },
        "occupation":{
            "Recruitment consultant":3,
            "Technical author":1,
            "Fitness centre manager":1,
            "Facilities manager":1,
            "Economist":1,
            "Psychologist  sport and exercise":1
        }
    },
    "Brown":{
        "count":6,
        "age":{
            "47":1,
            "42":1,
            "44":1,
            "35":1,
            "46":1,
            "59":1
        },
        "address":{
            "Taivassalo":1,
            "Alavieska":1,
            "Muurame":1,
            "Keuruu":1,
            "Loimaa":1,
            "Haapavesi":1
        },
        "occupation":{
            "Recruitment consultant":1,
            "Music tutor":1,
            "Civil engineer  consulting":1,
            "Facilities manager":1,
            "Veterinary surgeon":1,
            "Contracting civil engineer":1
        }
    },
    "Campbell":{
        "count":7,
        "age":{
            "37":1,
            "38":1,
            "43":1,
            "40":1,
            "41":1,
            "33":1,
            "23":1
        },
        "address":{
            "Loimaa":1,
            "Kaskinen":1,
            "Muurame":1,
            "Narpio":1,
            "Askola":1,
            "Pelkosenniemi":1,
            "Haapajarvi":1
        },
        "occupation":{
            "Facilities manager":1,
            "Recruitment consultant":1,
            "Technical author":1,
            "Civil engineer  consulting":1,
            "Research officer  political party":1,
            "Animator":1,
            "Contracting civil engineer":1
        }
    },
    "Combs":{
        "count":5,
        "age":{
            "36":1,
            "24":1,
            "38":1,
            "22":1,
            "44":1
        },
        "address":{
            "Kurikka":1,
            "Narpio":1,
            "Haapajarvi":1,
            "Pelkosenniemi":1,
            "Taivassalo":1
        },
        "occupation":{
            "Geologist  engineering":1,
            "Animator":1,
            "Accountant  chartered public finance":1,
            "Recruitment consultant":1,
            "Veterinary surgeon":1
        }
    },
    "Johnson":{
        "count":4,
        "age":{
            "37":1,
            "58":1,
            "40":1,
            "30":1
        },
        "address":{
            "Pelkosenniemi":2,
            "Lumijoki":1,
            "Kurikka":1
        },
        "occupation":{
            "Microbiologist":1,
            "Contracting civil engineer":1,
            "Music tutor":1,
            "Research officer  political party":1
        }
    },
    "Underwood":{
        "count":4,
        "age":{
            "51":1,
            "33":1,
            "38":1,
            "29":1
        },
        "address":{
            "Askola":1,
            "Lumijoki":1,
            "Haapajarvi":1,
            "Muurame":1
        },
        "occupation":{
            "Geologist  engineering":1,
            "Civil Service administrator":1,
            "Veterinary surgeon":1,
            "Research officer  political party":1
        }
    },
    "Jones":{
        "count":5,
        "age":{
            "22":1,
            "31":1,
            "53":1,
            "49":1,
            "34":1
        },
        "address":{
            "Haapajarvi":1,
            "Turku":2,
            "Askola":2
        },
        "occupation":{
            "Hotel manager":1,
            "Technical author":1,
            "Music tutor":1,
            "Research officer  political party":1,
            "Accountant  chartered public finance":1
        }
    },
    "Hayes":{
        "count":2,
        "age":{
            "32":1,
            "19":1
        },
        "address":{
            "Haapajarvi":1,
            "Imatra":1
        },
        "occupation":{
            "Research officer  political party":1,
            "Music tutor":1
        }
    },
    "Knox":{
        "count":6,
        "age":{
            "51":1,
            "22":1,
            "55":1,
            "41":1,
            "57":1,
            "19":1
        },
        "address":{
            "Muurame":1,
            "Haapajarvi":3,
            "Taivassalo":1,
            "Kurikka":1
        },
        "occupation":{
            "Accountant  chartered public finance":1,
            "Recruitment consultant":1,
            "Veterinary surgeon":1,
            "Economist":1,
            "Designer  blown glass\/stained glass":1,
            "Civil Service administrator":1
        }
    },
    "Atkins":{
        "count":4,
        "age":{
            "45":1,
            "28":2,
            "30":1
        },
        "address":{
            "Haapavesi":1,
            "Kaskinen":1,
            "Siikainen":1,
            "Turku":1
        },
        "occupation":{
            "Psychologist  sport and exercise":1,
            "Geologist  engineering":1,
            "Animator":1,
            "Research officer  political party":1
        }
    },
    "Mason":{
        "count":5,
        "age":{
            "45":1,
            "19":1,
            "56":1,
            "27":1,
            "29":1
        },
        "address":{
            "Muurame":1,
            "Haapajarvi":2,
            "Siikainen":1,
            "Haapavesi":1
        },
        "occupation":{
            "Technical author":2,
            "Psychologist  sport and exercise":1,
            "Animator":1,
            "Microbiologist":1
        }
    },
    "Smith":{
        "count":3,
        "age":{
            "23":1,
            "62":1,
            "35":1
        },
        "address":{
            "Pelkosenniemi":1,
            "Askola":1,
            "Somero":1
        },
        "occupation":{
            "Research officer  political party":1,
            "Facilities manager":1,
            "Animator":1
        }
    },
    "Powell":{
        "count":3,
        "age":{
            "31":1,
            "41":1,
            "51":1
        },
        "address":{
            "Pelkosenniemi":1,
            "Siikainen":1,
            "Haapajarvi":1
        },
        "occupation":{
            "Therapist  occupational":1,
            "Economist":1,
            "Civil engineer  consulting":1
        }
    },
    "Perry":{
        "count":4,
        "age":{
            "63":1,
            "35":1,
            "39":1,
            "54":1
        },
        "address":{
            "Kontiolahti":1,
            "Kurikka":1,
            "Somero":1,
            "Turku":1
        },
        "occupation":{
            "Civil engineer  consulting":1,
            "Technical author":1,
            "Economist":1,
            "Hotel manager":1
        }
    },
    "Martin":{
        "count":5,
        "age":{
            "43":1,
            "42":1,
            "23":1,
            "31":1,
            "56":1
        },
        "address":{
            "Imatra":1,
            "Pirkkala":1,
            "Siikainen":1,
            "Alavieska":1,
            "Pelkosenniemi":1
        },
        "occupation":{
            "Geologist  engineering":1,
            "Animator":2,
            "Therapist  occupational":1,
            "Facilities manager":1
        }
    },
    "Berry":{
        "count":3,
        "age":{
            "22":1,
            "44":1,
            "59":1
        },
        "address":{
            "Askola":1,
            "Kaskinen":1,
            "Pelkosenniemi":1
        },
        "occupation":{
            "Psychologist  sport and exercise":1,
            "Designer  blown glass\/stained glass":1,
            "Research officer  political party":1
        }
    },
    "Ramirez":{
        "count":3,
        "age":{
            "56":1,
            "27":1,
            "45":1
        },
        "address":{
            "Askola":1,
            "Somero":1,
            "Narpio":1
        },
        "occupation":{
            "Animator":1,
            "Accountant  chartered public finance":1,
            "Civil Service administrator":1
        }
    }
}