{
    "Hughes":{
        "count":99,
        "age":{
            "45":4,
            "44":3,
            "29":3,
            "37":4,
            "41":8,
            "43":3,
            "49":5,
            "42":4,
            "24":4,
            "30":1,
            "20":3,
            "22":3,
            "33":2,
            "58":2,
            "48":4,
            "59":1,
            "26":3,
            "34":2,
            "28":2,
            "61":1,
            "39":2,
            "31":2,
            "40":2,
            "60":3,
            "32":1,
            "57":3,
            "36":5,
            "23":1,
            "51":1,
            "38":2,
            "63":3,
            "54":1,
            "27":3,
            "35":1,
            "21":1,
            "53":2,
            "55":1,
            "62":2,
            "47":1
        },
        "address":{
            "Haapajarvi":4,
            "Alavieska":3,
            "Askola":8,
            "Kurikka":5,
            "Haapavesi":4,
            "Narpio":8,
            "Taivassalo":6,
            "Pirkkala":4,
            "Siikainen":5,
            "Turku":9,
            "Pelkosenniemi":7,
            "Kaskinen":5,
            "Lumijoki":6,
            "Imatra":3,
            "Loimaa":6,
            "Muurame":4,
            "Kontiolahti":6,
            "Keuruu":3,
            "Somero":3
        },
        "occupation":{
            "Civil engineer  consulting":9,
            "Technical author":5,
            "Hotel manager":5,
            "Economist":7,
            "Geologist  engineering":5,
            "Designer  blown glass\/stained glass":5,
            "Fitness centre manager":2,
            "Accountant  chartered public finance":8,
            "Microbiologist":3,
            "Music tutor":8,
            "Animator":5,
            "Contracting civil engineer":4,
            "Veterinary surgeon":4,
            "Civil Service administrator":7,
            "Facilities manager":4,
            "Therapist  occupational":3,
            "Psychologist  sport and exercise":9,
            "Recruitment consultant":2,
            "Research officer  political party":4
        }
    },
    "Cline":{
        "count":67,
        "age":{
            "45":3,
            "28":2,
            "57":2,
            "43":4,
            "27":2,
            "54":4,
            "33":4,
            "49":2,
            "21":1,
            "38":4,
            "50":2,
            "30":2,
            "41":3,
            "26":2,
            "37":2,
            "46":4,
            "36":2,
            "42":2,
            "63":2,
            "35":1,
            "51":1,
            "34":1,
            "32":1,
            "48":2,
            "19":1,
            "25":3,
            "31":1,
            "24":1,
            "29":1,
            "20":1,
            "39":2,
            "53":1,
            "52":1
        },
        "address":{
            "Kontiolahti":6,
            "Narpio":4,
            "Alavieska":3,
            "Pelkosenniemi":5,
            "Taivassalo":4,
            "Siikainen":5,
            "Kaskinen":4,
            "Kurikka":3,
            "Keuruu":4,
            "Haapajarvi":4,
            "Turku":6,
            "Askola":1,
            "Haapavesi":4,
            "Loimaa":5,
            "Somero":3,
            "Imatra":1,
            "Muurame":2,
            "Pirkkala":2,
            "Lumijoki":1
        },
        "occupation":{
            "Designer  blown glass\/stained glass":4,
            "Therapist  occupational":2,
            "Music tutor":4,
            "Fitness centre manager":4,
            "Microbiologist":2,
            "Civil engineer  consulting":2,
            "Facilities manager":5,
            "Hotel manager":2,
            "Civil Service administrator":5,
            "Economist":4,
            "Accountant  chartered public finance":4,
            "Geologist  engineering":2,
            "Animator":5,
            "Contracting civil engineer":5,
            "Recruitment consultant":5,
            "Technical author":5,
            "Research officer  political party":4,
            "Psychologist  sport and exercise":2,
            "Veterinary surgeon":1
        }
    },
    "Franklin":{
        "count":85,
        "age":{
            "57":4,
            "24":5,
            "27":3,
            "60":2,
            "50":2,
            "53":4,
            "59":1,
            "61":6,
            "35":1,
            "41":3,
            "36":2,
            "44":4,
            "63":2,
            "39":2,
            "25":2,
            "47":2,
            "23":3,
            "49":3,
            "56":4,
            "62":2,
            "37":3,
            "21":3,
            "29":3,
            "45":1,
            "48":2,
            "51":1,
            "19":1,
            "28":1,
            "38":3,
            "42":1,
            "26":1,
            "40":1,
            "58":2,
            "22":2,
            "54":1,
            "52":1,
            "31":1
        },
        "address":{
            "Muurame":8,
            "Keuruu":7,
            "Kurikka":4,
            "Loimaa":6,
            "Imatra":6,
            "Haapavesi":7,
            "Siikainen":7,
            "Turku":3,
            "Narpio":6,
            "Pelkosenniemi":3,
            "Lumijoki":3,
            "Somero":3,
            "Taivassalo":4,
            "Alavieska":2,
            "Pirkkala":4,
            "Askola":2,
            "Haapajarvi":4,
            "Kaskinen":3,
            "Kontiolahti":3
        },
        "occupation":{
            "Recruitment consultant":7,
            "Technical author":6,
            "Fitness centre manager":5,
            "Facilities manager":7,
            "Economist":2,
            "Psychologist  sport and exercise":3,
            "Veterinary surgeon":6,
            "Geologist  engineering":3,
            "Contracting civil engineer":4,
            "Civil engineer  consulting":4,
            "Hotel manager":4,
            "Therapist  occupational":4,
            "Civil Service administrator":7,
            "Microbiologist":3,
            "Music tutor":3,
            "Research officer  political party":6,
            "Accountant  chartered public finance":7,
            "Designer  blown glass\/stained glass":2,
            "Animator":2
        }
    },
    "Brown":{
        "count":95,
        "age":{
            "47":2,
            "42":2,
            "44":1,
            "35":3,
            "46":2,
            "59":3,
            "36":4,
            "23":3,
            "58":2,
            "54":1,
            "33":3,
            "19":3,
            "63":3,
            "32":2,
            "62":3,
            "48":2,
            "49":4,
            "60":5,
            "37":1,
            "39":3,
            "43":1,
            "30":3,
            "45":2,
            "61":2,
            "20":3,
            "53":3,
            "21":1,
            "51":2,
            "28":3,
            "29":2,
            "27":4,
            "40":2,
            "50":2,
            "22":2,
            "34":1,
            "38":3,
            "55":2,
            "24":2,
            "41":2,
            "25":1
        },
        "address":{
            "Taivassalo":5,
            "Alavieska":8,
            "Muurame":3,
            "Keuruu":2,
            "Loimaa":3,
            "Haapavesi":6,
            "Siikainen":3,
            "Turku":9,
            "Kurikka":6,
            "Kaskinen":7,
            "Askola":6,
            "Somero":6,
            "Pirkkala":6,
            "Narpio":4,
            "Kontiolahti":4,
            "Lumijoki":5,
            "Pelkosenniemi":4,
            "Haapajarvi":5,
            "Imatra":3
        },
        "occupation":{
            "Recruitment consultant":4,
            "Music tutor":6,
            "Civil engineer  consulting":2,
            "Facilities manager":6,
            "Veterinary surgeon":15,
            "Contracting civil engineer":9,
            "Hotel manager":7,
            "Geologist  engineering":4,
            "Designer  blown glass\/stained glass":2,
            "Economist":3,
            "Microbiologist":5,
            "Technical author":3,
            "Research officer  political party":8,
            "Fitness centre manager":3,
            "Civil Service administrator":2,
            "Psychologist  sport and exercise":3,
            "Animator":5,
            "Therapist  occupational":5,
            "Accountant  chartered public finance":3
        }
    },
    "Campbell":{
        "count":76,
        "age":{
            "37":4,
            "38":3,
            "43":2,
            "40":1,
            "41":2,
            "33":4,
            "23":1,
            "56":2,
            "45":2,
            "25":2,
            "62":3,
            "53":2,
            "48":2,
            "49":4,
            "19":4,
            "47":2,
            "54":3,
            "52":1,
            "55":3,
            "58":2,
            "26":4,
            "57":3,
            "35":2,
            "30":1,
            "51":4,
            "60":2,
            "28":2,
            "27":1,
            "31":2,
            "63":2,
            "50":1,
            "44":1,
            "61":1,
            "34":1
        },
        "address":{
            "Loimaa":3,
            "Kaskinen":5,
            "Muurame":6,
            "Narpio":3,
            "Askola":5,
            "Pelkosenniemi":3,
            "Haapajarvi":9,
            "Lumijoki":1,
            "Taivassalo":3,
            "Keuruu":7,
            "Haapavesi":3,
            "Kontiolahti":4,
            "Turku":6,
            "Somero":3,
            "Alavieska":2,
            "Imatra":2,
            "Siikainen":9,
            "Pirkkala":1,
            "Kurikka":1
        },
        "occupation":{
            "Facilities manager":8,
            "Recruitment consultant":4,
            "Technical author":8,
            "Civil engineer  consulting":4,
            "Research officer  political party":7,
            "Animator":6,
            "Contracting civil engineer":6,
            "Psychologist  sport and exercise":3,
            "Hotel manager":3,
            "Microbiologist":2,
            "Music tutor":3,
            "Geologist  engineering":2,
            "Civil Service administrator":4,
            "Veterinary surgeon":6,
            "Accountant  chartered public finance":3,
            "Designer  blown glass\/stained glass":2,
            "Fitness centre manager":3,
            "Therapist  occupational":1,
            "Economist":1
        }
    },
    "Combs":{
        "count":81,
        "age":{
            "36":4,
            "24":3,
            "38":2,
            "22":3,
            "44":5,
            "32":1,
            "42":4,
            "57":4,
            "49":2,
            "28":2,
            "52":3,
            "48":5,
            "46":2,
            "41":2,
            "20":1,
            "35":4,
            "30":2,
            "31":3,
            "21":5,
            "61":1,
            "53":3,
            "27":1,
            "59":2,
            "40":2,
            "58":1,
            "33":3,
            "39":2,
            "62":2,
            "26":1,
            "29":1,
            "47":1,
            "19":2,
            "45":1,
            "56":1
        },
        "address":{
            "Kurikka":5,
            "Narpio":7,
            "Haapajarvi":6,
            "Pelkosenniemi":4,
            "Taivassalo":4,
            "Kaskinen":6,
            "Askola":2,
            "Lumijoki":4,
            "Pirkkala":6,
            "Loimaa":3,
            "Imatra":4,
            "Somero":4,
            "Turku":4,
            "Siikainen":5,
            "Alavieska":3,
            "Haapavesi":3,
            "Keuruu":3,
            "Kontiolahti":1,
            "Muurame":7
        },
        "occupation":{
            "Geologist  engineering":5,
            "Animator":9,
            "Accountant  chartered public finance":4,
            "Recruitment consultant":4,
            "Veterinary surgeon":8,
            "Music tutor":5,
            "Fitness centre manager":5,
            "Civil Service administrator":4,
            "Designer  blown glass\/stained glass":5,
            "Research officer  political party":5,
            "Hotel manager":5,
            "Therapist  occupational":3,
            "Civil engineer  consulting":4,
            "Economist":3,
            "Microbiologist":4,
            "Facilities manager":2,
            "Technical author":3,
            "Psychologist  sport and exercise":3
        }
    },
    "Johnson":{
        "count":95,
        "age":{
            "37":3,
            "58":7,
            "40":3,
            "30":2,
            "24":3,
            "53":3,
            "52":5,
            "63":3,
            "21":3,
            "20":2,
            "28":1,
            "39":3,
            "61":3,
            "43":2,
            "32":2,
            "62":3,
            "46":3,
            "48":3,
            "54":2,
            "23":2,
            "47":1,
            "50":2,
            "41":1,
            "33":4,
            "60":2,
            "36":2,
            "56":2,
            "49":2,
            "19":2,
            "45":2,
            "42":3,
            "34":3,
            "57":1,
            "55":1,
            "35":1,
            "51":2,
            "31":2,
            "25":1,
            "29":1,
            "22":1,
            "38":1
        },
        "address":{
            "Pelkosenniemi":5,
            "Lumijoki":3,
            "Kurikka":4,
            "Kaskinen":10,
            "Alavieska":4,
            "Loimaa":5,
            "Imatra":5,
            "Kontiolahti":3,
            "Haapavesi":5,
            "Askola":6,
            "Turku":3,
            "Muurame":3,
            "Somero":4,
            "Pirkkala":6,
            "Haapajarvi":1,
            "Narpio":6,
            "Keuruu":9,
            "Siikainen":10,
            "Taivassalo":3
        },
        "occupation":{
            "Microbiologist":6,
            "Contracting civil engineer":5,
            "Music tutor":8,
            "Research officer  political party":5,
            "Psychologist  sport and exercise":8,
            "Economist":8,
            "Designer  blown glass\/stained glass":5,
            "Therapist  occupational":3,
            "Veterinary surgeon":4,
            "Fitness centre manager":3,
            "Technical author":2,
            "Hotel manager":4,
            "Accountant  chartered public finance":7,
            "Recruitment consultant":8,
            "Geologist  engineering":4,
            "Civil engineer  consulting":3,
            "Animator":6,
            "Facilities manager":4,
            "Civil Service administrator":2
        }
    },
    "Underwood":{
        "count":83,
        "age":{
            "51":1,
            "33":7,
            "38":2,
            "29":4,
            "62":4,
            "28":5,
            "30":1,
            "50":5,
            "58":3,
            "61":3,
            "41":3,
            "56":1,
            "48":2,
            "20":1,
            "39":2,
            "26":3,
            "19":1,
            "34":4,
            "23":2,
            "31":2,
            "63":2,
            "27":1,
            "25":2,
            "42":1,
            "36":2,
            "44":4,
            "57":1,
            "46":2,
            "24":2,
            "21":2,
            "40":2,
            "60":1,
            "52":1,
            "59":1,
            "53":1,
            "49":1,
            "35":1
        },
        "address":{
            "Askola":4,
            "Lumijoki":3,
            "Haapajarvi":7,
            "Muurame":3,
            "Turku":5,
            "Keuruu":5,
            "Pelkosenniemi":7,
            "Alavieska":2,
            "Kaskinen":5,
            "Loimaa":4,
            "Siikainen":1,
            "Haapavesi":3,
            "Kontiolahti":2,
            "Kurikka":5,
            "Taivassalo":3,
            "Imatra":7,
            "Narpio":7,
            "Somero":6,
            "Pirkkala":4
        },
        "occupation":{
            "Geologist  engineering":5,
            "Civil Service administrator":8,
            "Veterinary surgeon":7,
            "Research officer  political party":2,
            "Civil engineer  consulting":5,
            "Contracting civil engineer":3,
            "Accountant  chartered public finance":8,
            "Microbiologist":3,
            "Therapist  occupational":5,
            "Recruitment consultant":4,
            "Technical author":4,
            "Psychologist  sport and exercise":5,
            "Animator":6,
            "Music tutor":2,
            "Designer  blown glass\/stained glass":7,
            "Economist":1,
            "Facilities manager":3,
            "Fitness centre manager":3,
            "Hotel manager":2
        }
    },
    "Jones":{
        "count":86,
        "age":{
            "22":4,
            "31":3,
            "53":3,
            "49":1,
            "34":3,
            "58":1,
            "55":5,
            "28":1,
            "42":4,
            "25":4,
            "30":2,
            "38":1,
            "23":1,
            "43":5,
            "36":2,
            "57":3,
            "24":5,
            "50":1,
            "46":4,
            "51":2,
            "26":2,
            "40":1,
            "20":2,
            "33":2,
            "35":2,
            "47":5,
            "52":1,
            "56":2,
            "45":1,
            "61":1,
            "48":3,
            "41":3,
            "32":3,
            "27":2,
            "29":1
        },
        "address":{
            "Haapajarvi":7,
            "Turku":5,
            "Askola":9,
            "Lumijoki":4,
            "Keuruu":8,
            "Narpio":4,
            "Kurikka":6,
            "Kontiolahti":2,
            "Pelkosenniemi":5,
            "Taivassalo":1,
            "Haapavesi":3,
            "Siikainen":4,
            "Imatra":7,
            "Loimaa":5,
            "Alavieska":6,
            "Somero":4,
            "Pirkkala":1,
            "Kaskinen":3,
            "Muurame":2
        },
        "occupation":{
            "Hotel manager":5,
            "Technical author":6,
            "Music tutor":6,
            "Research officer  political party":3,
            "Accountant  chartered public finance":4,
            "Civil engineer  consulting":2,
            "Animator":5,
            "Microbiologist":3,
            "Designer  blown glass\/stained glass":6,
            "Facilities manager":9,
            "Economist":3,
            "Fitness centre manager":3,
            "Psychologist  sport and exercise":10,
            "Veterinary surgeon":5,
            "Civil Service administrator":4,
            "Recruitment consultant":4,
            "Contracting civil engineer":4,
            "Geologist  engineering":1,
            "Therapist  occupational":3
        }
    },
    "Hayes":{
        "count":82,
        "age":{
            "32":3,
            "19":2,
            "27":3,
            "42":3,
            "22":1,
            "30":1,
            "60":2,
            "35":4,
            "63":4,
            "43":3,
            "33":4,
            "50":2,
            "34":3,
            "62":1,
            "61":1,
            "59":3,
            "20":8,
            "52":2,
            "57":4,
            "39":1,
            "31":3,
            "21":3,
            "36":2,
            "54":1,
            "49":1,
            "51":1,
            "46":1,
            "24":2,
            "48":1,
            "28":1,
            "25":3,
            "41":1,
            "58":2,
            "29":1,
            "23":1,
            "55":3
        },
        "address":{
            "Haapajarvi":4,
            "Imatra":7,
            "Turku":5,
            "Loimaa":6,
            "Haapavesi":5,
            "Askola":2,
            "Kontiolahti":3,
            "Keuruu":5,
            "Alavieska":4,
            "Somero":4,
            "Kaskinen":4,
            "Siikainen":2,
            "Lumijoki":6,
            "Kurikka":4,
            "Muurame":3,
            "Narpio":4,
            "Taivassalo":4,
            "Pirkkala":6,
            "Pelkosenniemi":4
        },
        "occupation":{
            "Research officer  political party":6,
            "Music tutor":4,
            "Psychologist  sport and exercise":8,
            "Technical author":6,
            "Civil engineer  consulting":3,
            "Geologist  engineering":4,
            "Economist":4,
            "Hotel manager":5,
            "Civil Service administrator":8,
            "Accountant  chartered public finance":4,
            "Designer  blown glass\/stained glass":2,
            "Veterinary surgeon":4,
            "Recruitment consultant":7,
            "Facilities manager":3,
            "Animator":3,
            "Contracting civil engineer":4,
            "Microbiologist":4,
            "Therapist  occupational":2,
            "Fitness centre manager":1
        }
    },
    "Knox":{
        "count":84,
        "age":{
            "51":5,
            "22":1,
            "55":2,
            "41":4,
            "57":4,
            "19":3,
            "35":4,
            "34":3,
            "33":4,
            "61":6,
            "50":2,
            "27":1,
            "26":1,
            "21":3,
            "53":3,
            "59":1,
            "62":2,
            "60":1,
            "45":2,
            "49":2,
            "43":2,
            "42":4,
            "47":2,
            "32":1,
            "40":2,
            "46":1,
            "52":3,
            "36":1,
            "24":1,
            "48":2,
            "37":3,
            "54":1,
            "44":2,
            "58":1,
            "20":1,
            "28":1,
            "30":1,
            "56":1
        },
        "address":{
            "Muurame":8,
            "Haapajarvi":6,
            "Taivassalo":2,
            "Kurikka":6,
            "Imatra":3,
            "Lumijoki":6,
            "Haapavesi":5,
            "Pirkkala":8,
            "Kaskinen":3,
            "Kontiolahti":6,
            "Somero":4,
            "Pelkosenniemi":5,
            "Alavieska":3,
            "Siikainen":5,
            "Askola":4,
            "Turku":3,
            "Narpio":5,
            "Keuruu":1,
            "Loimaa":1
        },
        "occupation":{
            "Accountant  chartered public finance":3,
            "Recruitment consultant":4,
            "Veterinary surgeon":7,
            "Economist":5,
            "Designer  blown glass\/stained glass":6,
            "Civil Service administrator":6,
            "Fitness centre manager":2,
            "Microbiologist":3,
            "Music tutor":7,
            "Civil engineer  consulting":6,
            "Psychologist  sport and exercise":7,
            "Technical author":4,
            "Animator":3,
            "Research officer  political party":5,
            "Facilities manager":3,
            "Hotel manager":4,
            "Contracting civil engineer":4,
            "Therapist  occupational":3,
            "Geologist  engineering":2
        }
    },
    "Atkins":{
        "count":78,
        "age":{
            "45":3,
            "28":4,
            "30":1,
            "62":3,
            "54":1,
            "47":3,
            "55":2,
            "59":4,
            "40":2,
            "50":2,
            "46":1,
            "56":4,
            "61":3,
            "48":2,
            "37":1,
            "60":3,
            "41":2,
            "51":5,
            "35":3,
            "52":1,
            "42":4,
            "23":1,
            "21":4,
            "19":1,
            "20":2,
            "29":3,
            "63":2,
            "38":2,
            "53":3,
            "31":1,
            "25":1,
            "24":1,
            "43":1,
            "57":1,
            "44":1
        },
        "address":{
            "Haapavesi":9,
            "Kaskinen":3,
            "Siikainen":2,
            "Turku":5,
            "Lumijoki":4,
            "Taivassalo":5,
            "Somero":3,
            "Kurikka":4,
            "Imatra":6,
            "Haapajarvi":5,
            "Askola":4,
            "Pirkkala":2,
            "Kontiolahti":7,
            "Muurame":5,
            "Alavieska":3,
            "Keuruu":5,
            "Pelkosenniemi":3,
            "Narpio":1,
            "Loimaa":2
        },
        "occupation":{
            "Psychologist  sport and exercise":7,
            "Geologist  engineering":10,
            "Animator":3,
            "Research officer  political party":6,
            "Facilities manager":3,
            "Contracting civil engineer":5,
            "Designer  blown glass\/stained glass":7,
            "Veterinary surgeon":2,
            "Therapist  occupational":1,
            "Civil Service administrator":5,
            "Hotel manager":5,
            "Recruitment consultant":4,
            "Economist":2,
            "Civil engineer  consulting":3,
            "Microbiologist":3,
            "Accountant  chartered public finance":5,
            "Fitness centre manager":3,
            "Technical author":1,
            "Music tutor":3
        }
    },
    "Mason":{
        "count":79,
        "age":{
            "45":3,
            "19":4,
            "56":1,
            "27":3,
            "29":3,
            "60":4,
            "48":3,
            "49":2,
            "43":3,
            "51":1,
            "28":4,
            "61":1,
            "23":2,
            "34":2,
            "62":2,
            "53":2,
            "41":3,
            "24":3,
            "59":1,
            "33":1,
            "54":1,
            "57":3,
            "36":1,
            "22":2,
            "47":1,
            "39":2,
            "21":2,
            "20":1,
            "55":3,
            "26":2,
            "35":3,
            "44":2,
            "32":1,
            "50":1,
            "42":1,
            "58":3,
            "25":1,
            "38":1
        },
        "address":{
            "Muurame":4,
            "Haapajarvi":6,
            "Siikainen":4,
            "Haapavesi":2,
            "Imatra":3,
            "Loimaa":6,
            "Pelkosenniemi":4,
            "Pirkkala":6,
            "Kaskinen":2,
            "Kontiolahti":3,
            "Turku":4,
            "Kurikka":6,
            "Narpio":6,
            "Lumijoki":7,
            "Taivassalo":4,
            "Somero":5,
            "Alavieska":3,
            "Askola":2,
            "Keuruu":2
        },
        "occupation":{
            "Technical author":5,
            "Psychologist  sport and exercise":4,
            "Animator":4,
            "Microbiologist":4,
            "Civil Service administrator":3,
            "Accountant  chartered public finance":6,
            "Hotel manager":4,
            "Contracting civil engineer":2,
            "Fitness centre manager":7,
            "Economist":3,
            "Geologist  engineering":3,
            "Designer  blown glass\/stained glass":5,
            "Recruitment consultant":4,
            "Veterinary surgeon":9,
            "Civil engineer  consulting":3,
            "Music tutor":7,
            "Therapist  occupational":4,
            "Facilities manager":2
        }
    },
    "Smith":{
        "count":84,
        "age":{
            "23":3,
            "62":3,
            "35":3,
            "33":5,
            "54":3,
            "56":3,
            "57":2,
            "48":1,
            "26":4,
            "24":3,
            "63":3,
            "58":1,
            "25":3,
            "38":3,
            "61":4,
            "47":4,
            "52":1,
            "31":1,
            "21":3,
            "51":1,
            "43":1,
            "39":6,
            "32":1,
            "55":1,
            "36":1,
            "27":1,
            "37":1,
            "40":1,
            "41":1,
            "60":2,
            "59":2,
            "28":2,
            "29":3,
            "49":1,
            "53":2,
            "20":1,
            "30":1,
            "34":1,
            "50":1
        },
        "address":{
            "Pelkosenniemi":3,
            "Askola":6,
            "Somero":4,
            "Lumijoki":6,
            "Siikainen":9,
            "Alavieska":2,
            "Kontiolahti":6,
            "Kaskinen":7,
            "Kurikka":5,
            "Narpio":4,
            "Muurame":2,
            "Keuruu":2,
            "Haapavesi":6,
            "Haapajarvi":4,
            "Turku":5,
            "Pirkkala":6,
            "Loimaa":3,
            "Taivassalo":2,
            "Imatra":2
        },
        "occupation":{
            "Research officer  political party":4,
            "Facilities manager":3,
            "Animator":2,
            "Hotel manager":7,
            "Designer  blown glass\/stained glass":8,
            "Microbiologist":2,
            "Fitness centre manager":3,
            "Veterinary surgeon":5,
            "Music tutor":7,
            "Contracting civil engineer":4,
            "Technical author":9,
            "Recruitment consultant":4,
            "Economist":6,
            "Geologist  engineering":3,
            "Civil Service administrator":9,
            "Accountant  chartered public finance":2,
            "Civil engineer  consulting":3,
            "Psychologist  sport and exercise":2,
            "Therapist  occupational":1
        }
    },
    "Powell":{
        "count":80,
        "age":{
            "31":1,
            "41":2,
            "51":3,
            "60":3,
            "20":1,
            "22":3,
            "44":3,
            "27":2,
            "19":2,
            "36":2,
            "42":4,
            "59":4,
            "23":3,
            "58":5,
            "43":3,
            "21":2,
            "26":2,
            "55":2,
            "33":3,
            "45":4,
            "46":5,
            "29":2,
            "25":1,
            "35":2,
            "39":1,
            "30":3,
            "61":1,
            "34":2,
            "49":2,
            "38":1,
            "52":2,
            "32":1,
            "53":1,
            "57":1,
            "62":1
        },
        "address":{
            "Pelkosenniemi":9,
            "Siikainen":5,
            "Haapajarvi":5,
            "Loimaa":4,
            "Lumijoki":4,
            "Kontiolahti":5,
            "Turku":5,
            "Pirkkala":8,
            "Keuruu":6,
            "Taivassalo":4,
            "Haapavesi":1,
            "Somero":6,
            "Kurikka":2,
            "Alavieska":3,
            "Muurame":4,
            "Askola":4,
            "Imatra":1,
            "Narpio":3,
            "Kaskinen":1
        },
        "occupation":{
            "Therapist  occupational":7,
            "Economist":5,
            "Civil engineer  consulting":6,
            "Technical author":1,
            "Designer  blown glass\/stained glass":9,
            "Contracting civil engineer":7,
            "Facilities manager":5,
            "Hotel manager":5,
            "Microbiologist":3,
            "Geologist  engineering":3,
            "Psychologist  sport and exercise":7,
            "Music tutor":1,
            "Accountant  chartered public finance":2,
            "Recruitment consultant":7,
            "Civil Service administrator":5,
            "Veterinary surgeon":2,
            "Animator":3,
            "Fitness centre manager":1,
            "Research officer  political party":1
        }
    },
    "Perry":{
        "count":82,
        "age":{
            "63":2,
            "35":3,
            "39":4,
            "54":2,
            "55":3,
            "53":3,
            "44":3,
            "22":2,
            "28":2,
            "62":2,
            "52":2,
            "57":3,
            "23":2,
            "56":3,
            "38":3,
            "40":1,
            "45":1,
            "41":2,
            "29":1,
            "46":1,
            "30":2,
            "61":3,
            "48":1,
            "51":2,
            "25":1,
            "24":2,
            "32":1,
            "31":3,
            "47":3,
            "58":3,
            "26":1,
            "42":4,
            "33":3,
            "50":2,
            "36":2,
            "21":1,
            "37":1,
            "34":1,
            "43":1
        },
        "address":{
            "Kontiolahti":5,
            "Kurikka":6,
            "Somero":5,
            "Turku":7,
            "Alavieska":7,
            "Taivassalo":5,
            "Pelkosenniemi":5,
            "Pirkkala":3,
            "Loimaa":5,
            "Imatra":4,
            "Kaskinen":5,
            "Keuruu":2,
            "Siikainen":6,
            "Haapajarvi":2,
            "Muurame":4,
            "Lumijoki":4,
            "Haapavesi":4,
            "Narpio":1,
            "Askola":2
        },
        "occupation":{
            "Civil engineer  consulting":7,
            "Technical author":10,
            "Economist":3,
            "Hotel manager":3,
            "Contracting civil engineer":6,
            "Civil Service administrator":6,
            "Therapist  occupational":3,
            "Animator":5,
            "Veterinary surgeon":6,
            "Psychologist  sport and exercise":4,
            "Geologist  engineering":4,
            "Accountant  chartered public finance":3,
            "Recruitment consultant":5,
            "Facilities manager":4,
            "Music tutor":1,
            "Fitness centre manager":4,
            "Microbiologist":3,
            "Research officer  political party":2,
            "Designer  blown glass\/stained glass":3
        }
    },
    "Martin":{
        "count":92,
        "age":{
            "43":5,
            "42":4,
            "23":3,
            "31":5,
            "56":2,
            "39":2,
            "60":3,
            "47":6,
            "46":1,
            "41":1,
            "45":6,
            "32":4,
            "38":2,
            "51":4,
            "33":3,
            "37":1,
            "21":2,
            "35":3,
            "20":2,
            "62":1,
            "24":5,
            "26":3,
            "55":2,
            "53":2,
            "49":1,
            "50":1,
            "63":2,
            "19":2,
            "30":3,
            "34":2,
            "36":1,
            "59":2,
            "48":1,
            "28":1,
            "57":2,
            "52":1,
            "29":1
        },
        "address":{
            "Imatra":9,
            "Pirkkala":7,
            "Siikainen":3,
            "Alavieska":4,
            "Pelkosenniemi":5,
            "Kurikka":6,
            "Turku":5,
            "Somero":4,
            "Haapajarvi":7,
            "Askola":4,
            "Kaskinen":4,
            "Kontiolahti":6,
            "Haapavesi":3,
            "Loimaa":6,
            "Taivassalo":4,
            "Lumijoki":5,
            "Narpio":7,
            "Keuruu":2,
            "Muurame":1
        },
        "occupation":{
            "Geologist  engineering":5,
            "Animator":9,
            "Therapist  occupational":5,
            "Facilities manager":4,
            "Technical author":6,
            "Recruitment consultant":7,
            "Accountant  chartered public finance":4,
            "Microbiologist":9,
            "Hotel manager":2,
            "Music tutor":4,
            "Contracting civil engineer":4,
            "Civil engineer  consulting":7,
            "Psychologist  sport and exercise":2,
            "Economist":9,
            "Fitness centre manager":2,
            "Research officer  political party":4,
            "Designer  blown glass\/stained glass":5,
            "Veterinary surgeon":1,
            "Civil Service administrator":3
        }
    },
    "Berry":{
        "count":85,
        "age":{
            "22":3,
            "44":2,
            "59":7,
            "61":4,
            "62":3,
            "51":2,
            "40":2,
            "46":3,
            "30":3,
            "58":3,
            "20":1,
            "41":2,
            "39":2,
            "42":3,
            "34":3,
            "21":3,
            "60":1,
            "52":3,
            "24":2,
            "26":3,
            "33":3,
            "55":3,
            "43":4,
            "29":2,
            "63":3,
            "49":1,
            "48":2,
            "37":1,
            "19":2,
            "35":1,
            "25":2,
            "50":1,
            "23":2,
            "56":1,
            "47":1,
            "36":1
        },
        "address":{
            "Askola":3,
            "Kaskinen":11,
            "Pelkosenniemi":9,
            "Kontiolahti":5,
            "Siikainen":6,
            "Somero":4,
            "Lumijoki":6,
            "Narpio":5,
            "Imatra":5,
            "Pirkkala":4,
            "Keuruu":3,
            "Taivassalo":4,
            "Alavieska":2,
            "Muurame":4,
            "Loimaa":5,
            "Haapajarvi":2,
            "Turku":3,
            "Kurikka":2,
            "Haapavesi":2
        },
        "occupation":{
            "Psychologist  sport and exercise":4,
            "Designer  blown glass\/stained glass":6,
            "Research officer  political party":4,
            "Contracting civil engineer":6,
            "Veterinary surgeon":7,
            "Facilities manager":5,
            "Therapist  occupational":2,
            "Civil engineer  consulting":5,
            "Geologist  engineering":5,
            "Accountant  chartered public finance":3,
            "Economist":6,
            "Hotel manager":6,
            "Microbiologist":4,
            "Technical author":6,
            "Recruitment consultant":3,
            "Civil Service administrator":4,
            "Fitness centre manager":5,
            "Animator":2,
            "Music tutor":2
        }
    },
    "Ramirez":{
        "count":73,
        "age":{
            "56":3,
            "27":2,
            "45":5,
            "21":2,
            "60":3,
            "53":1,
            "52":3,
            "31":1,
            "43":5,
            "32":4,
            "26":3,
            "58":3,
            "28":2,
            "59":2,
            "30":4,
            "40":2,
            "22":2,
            "55":1,
            "25":2,
            "62":2,
            "35":2,
            "29":1,
            "34":2,
            "50":1,
            "33":2,
            "49":2,
            "37":2,
            "23":1,
            "42":1,
            "20":1,
            "39":1,
            "19":1,
            "46":1,
            "48":1,
            "51":1,
            "61":1
        },
        "address":{
            "Askola":6,
            "Somero":4,
            "Narpio":4,
            "Haapajarvi":7,
            "Siikainen":6,
            "Imatra":3,
            "Kaskinen":3,
            "Turku":7,
            "Kontiolahti":6,
            "Muurame":7,
            "Keuruu":2,
            "Loimaa":1,
            "Taivassalo":4,
            "Pirkkala":4,
            "Pelkosenniemi":2,
            "Haapavesi":2,
            "Kurikka":3,
            "Alavieska":1,
            "Lumijoki":1
        },
        "occupation":{
            "Animator":3,
            "Accountant  chartered public finance":6,
            "Civil Service administrator":6,
            "Veterinary surgeon":4,
            "Economist":4,
            "Contracting civil engineer":6,
            "Technical author":4,
            "Therapist  occupational":5,
            "Designer  blown glass\/stained glass":4,
            "Music tutor":3,
            "Recruitment consultant":5,
            "Research officer  political party":2,
            "Microbiologist":3,
            "Facilities manager":4,
            "Psychologist  sport and exercise":4,
            "Geologist  engineering":4,
            "Fitness centre manager":2,
            "Hotel manager":4
        }
    }
}