{
    "Hughes":{
        "count":75,
        "age":{
            "45":3,
            "44":2,
            "29":3,
            "37":3,
            "41":7,
            "43":3,
            "49":4,
            "42":3,
            "24":3,
            "30":1,
            "20":3,
            "22":3,
            "33":2,
            "58":2,
            "48":3,
            "59":1,
            "26":1,
            "34":1,
            "28":2,
            "61":1,
            "39":1,
            "31":1,
            "40":2,
            "60":1,
            "32":1,
            "57":3,
            "36":3,
            "23":1,
            "51":1,
            "38":1,
            "63":2,
            "54":1,
            "27":3,
            "35":1,
            "21":1,
            "53":1
        },
        "address":{
            "Haapajarvi":3,
            "Alavieska":2,
            "Askola":5,
            "Kurikka":4,
            "Haapavesi":2,
            "Narpio":8,
            "Taivassalo":4,
            "Pirkkala":3,
            "Siikainen":4,
            "Turku":7,
            "Pelkosenniemi":5,
            "Kaskinen":4,
            "Lumijoki":5,
            "Imatra":2,
            "Loimaa":6,
            "Muurame":3,
            "Kontiolahti":4,
            "Keuruu":1,
            "Somero":3
        },
        "occupation":{
            "Civil engineer  consulting":7,
            "Technical author":4,
            "Hotel manager":5,
            "Economist":7,
            "Geologist  engineering":4,
            "Designer  blown glass\/stained glass":5,
            "Fitness centre manager":2,
            "Accountant  chartered public finance":6,
            "Microbiologist":2,
            "Music tutor":6,
            "Animator":2,
            "Contracting civil engineer":2,
            "Veterinary surgeon":3,
            "Civil Service administrator":5,
            "Facilities manager":4,
            "Therapist  occupational":2,
            "Psychologist  sport and exercise":5,
            "Recruitment consultant":1,
            "Research officer  political party":3
        }
    },
    "Cline":{
        "count":51,
        "age":{
            "45":2,
            "28":1,
            "57":2,
            "43":2,
            "27":2,
            "54":3,
            "33":3,
            "49":1,
            "21":1,
            "38":3,
            "50":2,
            "30":2,
            "41":3,
            "26":1,
            "37":2,
            "46":3,
            "36":2,
            "42":1,
            "63":1,
            "35":1,
            "51":1,
            "34":1,
            "32":1,
            "48":1,
            "19":1,
            "25":3,
            "31":1,
            "24":1,
            "29":1,
            "20":1,
            "39":1
        },
        "address":{
            "Kontiolahti":6,
            "Narpio":4,
            "Alavieska":2,
            "Pelkosenniemi":3,
            "Taivassalo":4,
            "Siikainen":4,
            "Kaskinen":4,
            "Kurikka":2,
            "Keuruu":1,
            "Haapajarvi":4,
            "Turku":4,
            "Askola":1,
            "Haapavesi":3,
            "Loimaa":3,
            "Somero":3,
            "Imatra":1,
            "Muurame":1,
            "Pirkkala":1
        },
        "occupation":{
            "Designer  blown glass\/stained glass":4,
            "Therapist  occupational":2,
            "Music tutor":3,
            "Fitness centre manager":4,
            "Microbiologist":2,
            "Civil engineer  consulting":2,
            "Facilities manager":3,
            "Hotel manager":1,
            "Civil Service administrator":5,
            "Economist":2,
            "Accountant  chartered public finance":2,
            "Geologist  engineering":2,
            "Animator":4,
            "Contracting civil engineer":4,
            "Recruitment consultant":4,
            "Technical author":4,
            "Research officer  political party":2,
            "Psychologist  sport and exercise":1
        }
    },
    "Franklin":{
        "count":61,
        "age":{
            "57":2,
            "24":3,
            "27":2,
            "60":2,
            "50":2,
            "53":4,
            "59":1,
            "61":4,
            "35":1,
            "41":3,
            "36":2,
            "44":3,
            "63":2,
            "39":2,
            "25":2,
            "47":2,
            "23":2,
            "49":2,
            "56":3,
            "62":2,
            "37":3,
            "21":2,
            "29":1,
            "45":1,
            "48":2,
            "51":1,
            "19":1,
            "28":1,
            "38":2,
            "42":1
        },
        "address":{
            "Muurame":4,
            "Keuruu":5,
            "Kurikka":2,
            "Loimaa":5,
            "Imatra":5,
            "Haapavesi":6,
            "Siikainen":7,
            "Turku":2,
            "Narpio":5,
            "Pelkosenniemi":2,
            "Lumijoki":2,
            "Somero":2,
            "Taivassalo":4,
            "Alavieska":2,
            "Pirkkala":3,
            "Askola":1,
            "Haapajarvi":2,
            "Kaskinen":2
        },
        "occupation":{
            "Recruitment consultant":5,
            "Technical author":4,
            "Fitness centre manager":4,
            "Facilities manager":7,
            "Economist":2,
            "Psychologist  sport and exercise":2,
            "Veterinary surgeon":3,
            "Geologist  engineering":3,
            "Contracting civil engineer":2,
            "Civil engineer  consulting":3,
            "Hotel manager":1,
            "Therapist  occupational":4,
            "Civil Service administrator":6,
            "Microbiologist":3,
            "Music tutor":3,
            "Research officer  political party":4,
            "Accountant  chartered public finance":2,
            "Designer  blown glass\/stained glass":1,
            "Animator":2
        }
    },
    "Brown":{
        "count":74,
        "age":{
            "47":2,
            "42":2,
            "44":1,
            "35":2,
            "46":2,
            "59":3,
            "36":4,
            "23":2,
            "58":2,
            "54":1,
            "33":2,
            "19":3,
            "63":3,
            "32":2,
            "62":3,
            "48":2,
            "49":2,
            "60":3,
            "37":1,
            "39":3,
            "43":1,
            "30":3,
            "45":1,
            "61":2,
            "20":2,
            "53":2,
            "21":1,
            "51":2,
            "28":1,
            "29":2,
            "27":4,
            "40":1,
            "50":2,
            "22":1,
            "34":1,
            "38":2,
            "55":1
        },
        "address":{
            "Taivassalo":4,
            "Alavieska":8,
            "Muurame":2,
            "Keuruu":2,
            "Loimaa":2,
            "Haapavesi":4,
            "Siikainen":3,
            "Turku":8,
            "Kurikka":4,
            "Kaskinen":5,
            "Askola":4,
            "Somero":6,
            "Pirkkala":6,
            "Narpio":4,
            "Kontiolahti":3,
            "Lumijoki":3,
            "Pelkosenniemi":2,
            "Haapajarvi":3,
            "Imatra":1
        },
        "occupation":{
            "Recruitment consultant":4,
            "Music tutor":4,
            "Civil engineer  consulting":2,
            "Facilities manager":3,
            "Veterinary surgeon":12,
            "Contracting civil engineer":9,
            "Hotel manager":6,
            "Geologist  engineering":3,
            "Designer  blown glass\/stained glass":2,
            "Economist":2,
            "Microbiologist":5,
            "Technical author":2,
            "Research officer  political party":6,
            "Fitness centre manager":2,
            "Civil Service administrator":2,
            "Psychologist  sport and exercise":2,
            "Animator":2,
            "Therapist  occupational":3,
            "Accountant  chartered public finance":3
        }
    },
    "Campbell":{
        "count":55,
        "age":{
            "37":4,
            "38":3,
            "43":1,
            "40":1,
            "41":2,
            "33":2,
            "23":1,
            "56":2,
            "45":2,
            "25":2,
            "62":3,
            "53":2,
            "48":1,
            "49":4,
            "19":3,
            "47":1,
            "54":2,
            "52":1,
            "55":3,
            "58":2,
            "26":3,
            "57":1,
            "35":1,
            "30":1,
            "51":2,
            "60":2,
            "28":1,
            "27":1,
            "31":1
        },
        "address":{
            "Loimaa":2,
            "Kaskinen":3,
            "Muurame":5,
            "Narpio":2,
            "Askola":5,
            "Pelkosenniemi":3,
            "Haapajarvi":5,
            "Lumijoki":1,
            "Taivassalo":2,
            "Keuruu":7,
            "Haapavesi":1,
            "Kontiolahti":3,
            "Turku":4,
            "Somero":2,
            "Alavieska":2,
            "Imatra":1,
            "Siikainen":6,
            "Pirkkala":1
        },
        "occupation":{
            "Facilities manager":6,
            "Recruitment consultant":2,
            "Technical author":3,
            "Civil engineer  consulting":3,
            "Research officer  political party":5,
            "Animator":6,
            "Contracting civil engineer":4,
            "Psychologist  sport and exercise":2,
            "Hotel manager":3,
            "Microbiologist":1,
            "Music tutor":2,
            "Geologist  engineering":2,
            "Civil Service administrator":4,
            "Veterinary surgeon":4,
            "Accountant  chartered public finance":3,
            "Designer  blown glass\/stained glass":1,
            "Fitness centre manager":2,
            "Therapist  occupational":1,
            "Economist":1
        }
    },
    "Combs":{
        "count":59,
        "age":{
            "36":3,
            "24":3,
            "38":1,
            "22":2,
            "44":5,
            "32":1,
            "42":4,
            "57":3,
            "49":2,
            "28":2,
            "52":2,
            "48":3,
            "46":2,
            "41":1,
            "20":1,
            "35":3,
            "30":2,
            "31":3,
            "21":1,
            "61":1,
            "53":3,
            "27":1,
            "59":1,
            "40":2,
            "58":1,
            "33":1,
            "39":2,
            "62":1,
            "26":1,
            "29":1
        },
        "address":{
            "Kurikka":4,
            "Narpio":5,
            "Haapajarvi":5,
            "Pelkosenniemi":4,
            "Taivassalo":3,
            "Kaskinen":3,
            "Askola":2,
            "Lumijoki":4,
            "Pirkkala":6,
            "Loimaa":3,
            "Imatra":4,
            "Somero":2,
            "Turku":2,
            "Siikainen":5,
            "Alavieska":2,
            "Haapavesi":1,
            "Keuruu":2,
            "Kontiolahti":1,
            "Muurame":1
        },
        "occupation":{
            "Geologist  engineering":5,
            "Animator":6,
            "Accountant  chartered public finance":4,
            "Recruitment consultant":4,
            "Veterinary surgeon":6,
            "Music tutor":2,
            "Fitness centre manager":3,
            "Civil Service administrator":4,
            "Designer  blown glass\/stained glass":5,
            "Research officer  political party":5,
            "Hotel manager":3,
            "Therapist  occupational":3,
            "Civil engineer  consulting":3,
            "Economist":2,
            "Microbiologist":2,
            "Facilities manager":2
        }
    },
    "Johnson":{
        "count":72,
        "age":{
            "37":3,
            "58":6,
            "40":2,
            "30":2,
            "24":2,
            "53":3,
            "52":4,
            "63":2,
            "21":2,
            "20":2,
            "28":1,
            "39":2,
            "61":2,
            "43":2,
            "32":2,
            "62":3,
            "46":1,
            "48":3,
            "54":2,
            "23":2,
            "47":1,
            "50":2,
            "41":1,
            "33":4,
            "60":2,
            "36":1,
            "56":2,
            "49":1,
            "19":2,
            "45":1,
            "42":1,
            "34":2,
            "57":1,
            "55":1,
            "35":1,
            "51":1
        },
        "address":{
            "Pelkosenniemi":4,
            "Lumijoki":2,
            "Kurikka":3,
            "Kaskinen":9,
            "Alavieska":3,
            "Loimaa":3,
            "Imatra":4,
            "Kontiolahti":3,
            "Haapavesi":5,
            "Askola":6,
            "Turku":2,
            "Muurame":2,
            "Somero":3,
            "Pirkkala":5,
            "Haapajarvi":1,
            "Narpio":4,
            "Keuruu":4,
            "Siikainen":7,
            "Taivassalo":2
        },
        "occupation":{
            "Microbiologist":5,
            "Contracting civil engineer":4,
            "Music tutor":7,
            "Research officer  political party":4,
            "Psychologist  sport and exercise":7,
            "Economist":6,
            "Designer  blown glass\/stained glass":4,
            "Therapist  occupational":2,
            "Veterinary surgeon":3,
            "Fitness centre manager":2,
            "Technical author":2,
            "Hotel manager":4,
            "Accountant  chartered public finance":6,
            "Recruitment consultant":5,
            "Geologist  engineering":3,
            "Civil engineer  consulting":1,
            "Animator":3,
            "Facilities manager":3,
            "Civil Service administrator":1
        }
    },
    "Underwood":{
        "count":58,
        "age":{
            "51":1,
            "33":6,
            "38":2,
            "29":3,
            "62":4,
            "28":2,
            "30":1,
            "50":4,
            "58":3,
            "61":1,
            "41":2,
            "56":1,
            "48":2,
            "20":1,
            "39":2,
            "26":1,
            "19":1,
            "34":2,
            "23":2,
            "31":2,
            "63":2,
            "27":1,
            "25":1,
            "42":1,
            "36":1,
            "44":3,
            "57":1,
            "46":1,
            "24":1,
            "21":1,
            "40":1,
            "60":1
        },
        "address":{
            "Askola":3,
            "Lumijoki":3,
            "Haapajarvi":6,
            "Muurame":2,
            "Turku":3,
            "Keuruu":5,
            "Pelkosenniemi":6,
            "Alavieska":2,
            "Kaskinen":4,
            "Loimaa":3,
            "Siikainen":1,
            "Haapavesi":2,
            "Kontiolahti":2,
            "Kurikka":2,
            "Taivassalo":1,
            "Imatra":4,
            "Narpio":5,
            "Somero":2,
            "Pirkkala":2
        },
        "occupation":{
            "Geologist  engineering":3,
            "Civil Service administrator":7,
            "Veterinary surgeon":3,
            "Research officer  political party":1,
            "Civil engineer  consulting":3,
            "Contracting civil engineer":2,
            "Accountant  chartered public finance":5,
            "Microbiologist":3,
            "Therapist  occupational":4,
            "Recruitment consultant":2,
            "Technical author":3,
            "Psychologist  sport and exercise":4,
            "Animator":4,
            "Music tutor":2,
            "Designer  blown glass\/stained glass":5,
            "Economist":1,
            "Facilities manager":2,
            "Fitness centre manager":2,
            "Hotel manager":2
        }
    },
    "Jones":{
        "count":59,
        "age":{
            "22":4,
            "31":2,
            "53":1,
            "49":1,
            "34":2,
            "58":1,
            "55":4,
            "28":1,
            "42":3,
            "25":4,
            "30":2,
            "38":1,
            "23":1,
            "43":1,
            "36":2,
            "57":3,
            "24":3,
            "50":1,
            "46":2,
            "51":1,
            "26":2,
            "40":1,
            "20":1,
            "33":1,
            "35":1,
            "47":3,
            "52":1,
            "56":2,
            "45":1,
            "61":1,
            "48":2,
            "41":1,
            "32":1,
            "27":1
        },
        "address":{
            "Haapajarvi":5,
            "Turku":3,
            "Askola":7,
            "Lumijoki":4,
            "Keuruu":6,
            "Narpio":2,
            "Kurikka":4,
            "Kontiolahti":2,
            "Pelkosenniemi":3,
            "Taivassalo":1,
            "Haapavesi":1,
            "Siikainen":2,
            "Imatra":4,
            "Loimaa":3,
            "Alavieska":4,
            "Somero":4,
            "Pirkkala":1,
            "Kaskinen":2,
            "Muurame":1
        },
        "occupation":{
            "Hotel manager":3,
            "Technical author":4,
            "Music tutor":5,
            "Research officer  political party":1,
            "Accountant  chartered public finance":2,
            "Civil engineer  consulting":1,
            "Animator":3,
            "Microbiologist":3,
            "Designer  blown glass\/stained glass":5,
            "Facilities manager":6,
            "Economist":3,
            "Fitness centre manager":2,
            "Psychologist  sport and exercise":7,
            "Veterinary surgeon":4,
            "Civil Service administrator":2,
            "Recruitment consultant":3,
            "Contracting civil engineer":2,
            "Geologist  engineering":1,
            "Therapist  occupational":2
        }
    },
    "Hayes":{
        "count":55,
        "age":{
            "32":3,
            "19":2,
            "27":2,
            "42":2,
            "22":1,
            "30":1,
            "60":1,
            "35":2,
            "63":3,
            "43":2,
            "33":4,
            "50":1,
            "34":2,
            "62":1,
            "61":1,
            "59":2,
            "20":2,
            "52":2,
            "57":3,
            "39":1,
            "31":2,
            "21":2,
            "36":2,
            "54":1,
            "49":1,
            "51":1,
            "46":1,
            "24":2,
            "48":1,
            "28":1,
            "25":2,
            "41":1
        },
        "address":{
            "Haapajarvi":3,
            "Imatra":3,
            "Turku":5,
            "Loimaa":5,
            "Haapavesi":4,
            "Askola":2,
            "Kontiolahti":3,
            "Keuruu":3,
            "Alavieska":2,
            "Somero":2,
            "Kaskinen":3,
            "Siikainen":2,
            "Lumijoki":5,
            "Kurikka":3,
            "Muurame":1,
            "Narpio":3,
            "Taivassalo":1,
            "Pirkkala":3,
            "Pelkosenniemi":2
        },
        "occupation":{
            "Research officer  political party":2,
            "Music tutor":3,
            "Psychologist  sport and exercise":6,
            "Technical author":5,
            "Civil engineer  consulting":2,
            "Geologist  engineering":3,
            "Economist":1,
            "Hotel manager":4,
            "Civil Service administrator":7,
            "Accountant  chartered public finance":4,
            "Designer  blown glass\/stained glass":1,
            "Veterinary surgeon":2,
            "Recruitment consultant":5,
            "Facilities manager":3,
            "Animator":1,
            "Contracting civil engineer":3,
            "Microbiologist":3
        }
    },
    "Knox":{
        "count":67,
        "age":{
            "51":4,
            "22":1,
            "55":2,
            "41":3,
            "57":3,
            "19":3,
            "35":4,
            "34":3,
            "33":2,
            "61":5,
            "50":1,
            "27":1,
            "26":1,
            "21":1,
            "53":3,
            "59":1,
            "62":2,
            "60":1,
            "45":1,
            "49":2,
            "43":2,
            "42":3,
            "47":2,
            "32":1,
            "40":1,
            "46":1,
            "52":2,
            "36":1,
            "24":1,
            "48":1,
            "37":2,
            "54":1,
            "44":2,
            "58":1,
            "20":1,
            "28":1
        },
        "address":{
            "Muurame":8,
            "Haapajarvi":6,
            "Taivassalo":2,
            "Kurikka":5,
            "Imatra":2,
            "Lumijoki":3,
            "Haapavesi":5,
            "Pirkkala":4,
            "Kaskinen":3,
            "Kontiolahti":6,
            "Somero":4,
            "Pelkosenniemi":4,
            "Alavieska":2,
            "Siikainen":4,
            "Askola":3,
            "Turku":2,
            "Narpio":3,
            "Keuruu":1
        },
        "occupation":{
            "Accountant  chartered public finance":3,
            "Recruitment consultant":4,
            "Veterinary surgeon":7,
            "Economist":5,
            "Designer  blown glass\/stained glass":4,
            "Civil Service administrator":6,
            "Fitness centre manager":2,
            "Microbiologist":3,
            "Music tutor":5,
            "Civil engineer  consulting":5,
            "Psychologist  sport and exercise":4,
            "Technical author":4,
            "Animator":3,
            "Research officer  political party":2,
            "Facilities manager":2,
            "Hotel manager":3,
            "Contracting civil engineer":3,
            "Therapist  occupational":1,
            "Geologist  engineering":1
        }
    },
    "Atkins":{
        "count":52,
        "age":{
            "45":3,
            "28":4,
            "30":1,
            "62":2,
            "54":1,
            "47":1,
            "55":1,
            "59":3,
            "40":2,
            "50":2,
            "46":1,
            "56":3,
            "61":2,
            "48":1,
            "37":1,
            "60":1,
            "41":2,
            "51":3,
            "35":2,
            "52":1,
            "42":2,
            "23":1,
            "21":3,
            "19":1,
            "20":2,
            "29":2,
            "63":2,
            "38":1,
            "53":1
        },
        "address":{
            "Haapavesi":5,
            "Kaskinen":3,
            "Siikainen":1,
            "Turku":3,
            "Lumijoki":2,
            "Taivassalo":5,
            "Somero":3,
            "Kurikka":3,
            "Imatra":5,
            "Haapajarvi":4,
            "Askola":2,
            "Pirkkala":2,
            "Kontiolahti":4,
            "Muurame":4,
            "Alavieska":2,
            "Keuruu":3,
            "Pelkosenniemi":1
        },
        "occupation":{
            "Psychologist  sport and exercise":3,
            "Geologist  engineering":7,
            "Animator":2,
            "Research officer  political party":5,
            "Facilities manager":2,
            "Contracting civil engineer":3,
            "Designer  blown glass\/stained glass":6,
            "Veterinary surgeon":1,
            "Therapist  occupational":1,
            "Civil Service administrator":2,
            "Hotel manager":4,
            "Recruitment consultant":2,
            "Economist":2,
            "Civil engineer  consulting":3,
            "Microbiologist":3,
            "Accountant  chartered public finance":4,
            "Fitness centre manager":1,
            "Technical author":1
        }
    },
    "Mason":{
        "count":54,
        "age":{
            "45":3,
            "19":3,
            "56":1,
            "27":3,
            "29":2,
            "60":3,
            "48":2,
            "49":1,
            "43":2,
            "51":1,
            "28":3,
            "61":1,
            "23":1,
            "34":2,
            "62":2,
            "53":2,
            "41":2,
            "24":1,
            "59":1,
            "33":1,
            "54":1,
            "57":2,
            "36":1,
            "22":1,
            "47":1,
            "39":2,
            "21":1,
            "20":1,
            "55":1,
            "26":1,
            "35":1,
            "44":2,
            "32":1,
            "50":1
        },
        "address":{
            "Muurame":3,
            "Haapajarvi":5,
            "Siikainen":4,
            "Haapavesi":1,
            "Imatra":2,
            "Loimaa":3,
            "Pelkosenniemi":3,
            "Pirkkala":5,
            "Kaskinen":2,
            "Kontiolahti":3,
            "Turku":4,
            "Kurikka":4,
            "Narpio":3,
            "Lumijoki":5,
            "Taivassalo":3,
            "Somero":2,
            "Alavieska":1,
            "Askola":1
        },
        "occupation":{
            "Technical author":3,
            "Psychologist  sport and exercise":2,
            "Animator":4,
            "Microbiologist":3,
            "Civil Service administrator":3,
            "Accountant  chartered public finance":6,
            "Hotel manager":2,
            "Contracting civil engineer":2,
            "Fitness centre manager":3,
            "Economist":2,
            "Geologist  engineering":3,
            "Designer  blown glass\/stained glass":4,
            "Recruitment consultant":3,
            "Veterinary surgeon":3,
            "Civil engineer  consulting":3,
            "Music tutor":5,
            "Therapist  occupational":2,
            "Facilities manager":1
        }
    },
    "Smith":{
        "count":62,
        "age":{
            "23":2,
            "62":3,
            "35":3,
            "33":3,
            "54":2,
            "56":3,
            "57":2,
            "48":1,
            "26":2,
            "24":2,
            "63":3,
            "58":1,
            "25":3,
            "38":3,
            "61":1,
            "47":3,
            "52":1,
            "31":1,
            "21":2,
            "51":1,
            "43":1,
            "39":4,
            "32":1,
            "55":1,
            "36":1,
            "27":1,
            "37":1,
            "40":1,
            "41":1,
            "60":2,
            "59":2,
            "28":2,
            "29":2
        },
        "address":{
            "Pelkosenniemi":2,
            "Askola":5,
            "Somero":3,
            "Lumijoki":6,
            "Siikainen":8,
            "Alavieska":2,
            "Kontiolahti":3,
            "Kaskinen":5,
            "Kurikka":5,
            "Narpio":2,
            "Muurame":2,
            "Keuruu":2,
            "Haapavesi":3,
            "Haapajarvi":2,
            "Turku":4,
            "Pirkkala":3,
            "Loimaa":2,
            "Taivassalo":2,
            "Imatra":1
        },
        "occupation":{
            "Research officer  political party":4,
            "Facilities manager":3,
            "Animator":1,
            "Hotel manager":5,
            "Designer  blown glass\/stained glass":6,
            "Microbiologist":2,
            "Fitness centre manager":1,
            "Veterinary surgeon":2,
            "Music tutor":5,
            "Contracting civil engineer":3,
            "Technical author":9,
            "Recruitment consultant":4,
            "Economist":2,
            "Geologist  engineering":2,
            "Civil Service administrator":8,
            "Accountant  chartered public finance":1,
            "Civil engineer  consulting":2,
            "Psychologist  sport and exercise":2
        }
    },
    "Powell":{
        "count":59,
        "age":{
            "31":1,
            "41":2,
            "51":2,
            "60":2,
            "20":1,
            "22":3,
            "44":2,
            "27":2,
            "19":2,
            "36":2,
            "42":4,
            "59":2,
            "23":3,
            "58":3,
            "43":2,
            "21":1,
            "26":2,
            "55":2,
            "33":2,
            "45":3,
            "46":4,
            "29":1,
            "25":1,
            "35":2,
            "39":1,
            "30":2,
            "61":1,
            "34":2,
            "49":1,
            "38":1
        },
        "address":{
            "Pelkosenniemi":8,
            "Siikainen":4,
            "Haapajarvi":4,
            "Loimaa":1,
            "Lumijoki":4,
            "Kontiolahti":4,
            "Turku":5,
            "Pirkkala":8,
            "Keuruu":5,
            "Taivassalo":3,
            "Haapavesi":1,
            "Somero":1,
            "Kurikka":2,
            "Alavieska":1,
            "Muurame":3,
            "Askola":3,
            "Imatra":1,
            "Narpio":1
        },
        "occupation":{
            "Therapist  occupational":6,
            "Economist":3,
            "Civil engineer  consulting":5,
            "Technical author":1,
            "Designer  blown glass\/stained glass":5,
            "Contracting civil engineer":6,
            "Facilities manager":5,
            "Hotel manager":4,
            "Microbiologist":3,
            "Geologist  engineering":3,
            "Psychologist  sport and exercise":4,
            "Music tutor":1,
            "Accountant  chartered public finance":1,
            "Recruitment consultant":5,
            "Civil Service administrator":2,
            "Veterinary surgeon":2,
            "Animator":2,
            "Fitness centre manager":1
        }
    },
    "Perry":{
        "count":56,
        "age":{
            "63":2,
            "35":3,
            "39":4,
            "54":2,
            "55":1,
            "53":2,
            "44":1,
            "22":2,
            "28":1,
            "62":2,
            "52":1,
            "57":2,
            "23":2,
            "56":2,
            "38":2,
            "40":1,
            "45":1,
            "41":2,
            "29":1,
            "46":1,
            "30":2,
            "61":2,
            "48":1,
            "51":2,
            "25":1,
            "24":1,
            "32":1,
            "31":1,
            "47":2,
            "58":2,
            "26":1,
            "42":1,
            "33":1,
            "50":1,
            "36":1,
            "21":1
        },
        "address":{
            "Kontiolahti":4,
            "Kurikka":3,
            "Somero":3,
            "Turku":5,
            "Alavieska":6,
            "Taivassalo":5,
            "Pelkosenniemi":3,
            "Pirkkala":3,
            "Loimaa":3,
            "Imatra":2,
            "Kaskinen":4,
            "Keuruu":1,
            "Siikainen":4,
            "Haapajarvi":2,
            "Muurame":2,
            "Lumijoki":3,
            "Haapavesi":1,
            "Narpio":1,
            "Askola":1
        },
        "occupation":{
            "Civil engineer  consulting":4,
            "Technical author":7,
            "Economist":2,
            "Hotel manager":3,
            "Contracting civil engineer":5,
            "Civil Service administrator":5,
            "Therapist  occupational":1,
            "Animator":2,
            "Veterinary surgeon":4,
            "Psychologist  sport and exercise":3,
            "Geologist  engineering":3,
            "Accountant  chartered public finance":2,
            "Recruitment consultant":3,
            "Facilities manager":3,
            "Music tutor":1,
            "Fitness centre manager":3,
            "Microbiologist":3,
            "Research officer  political party":2
        }
    },
    "Martin":{
        "count":71,
        "age":{
            "43":4,
            "42":3,
            "23":3,
            "31":3,
            "56":2,
            "39":1,
            "60":2,
            "47":6,
            "46":1,
            "41":1,
            "45":6,
            "32":2,
            "38":1,
            "51":3,
            "33":3,
            "37":1,
            "21":2,
            "35":3,
            "20":1,
            "62":1,
            "24":5,
            "26":2,
            "55":1,
            "53":1,
            "49":1,
            "50":1,
            "63":2,
            "19":1,
            "30":2,
            "34":1,
            "36":1,
            "59":2,
            "48":1,
            "28":1
        },
        "address":{
            "Imatra":7,
            "Pirkkala":7,
            "Siikainen":3,
            "Alavieska":1,
            "Pelkosenniemi":5,
            "Kurikka":4,
            "Turku":4,
            "Somero":2,
            "Haapajarvi":6,
            "Askola":3,
            "Kaskinen":3,
            "Kontiolahti":4,
            "Haapavesi":2,
            "Loimaa":5,
            "Taivassalo":3,
            "Lumijoki":4,
            "Narpio":5,
            "Keuruu":2,
            "Muurame":1
        },
        "occupation":{
            "Geologist  engineering":3,
            "Animator":9,
            "Therapist  occupational":5,
            "Facilities manager":3,
            "Technical author":5,
            "Recruitment consultant":6,
            "Accountant  chartered public finance":4,
            "Microbiologist":5,
            "Hotel manager":2,
            "Music tutor":3,
            "Contracting civil engineer":2,
            "Civil engineer  consulting":4,
            "Psychologist  sport and exercise":1,
            "Economist":8,
            "Fitness centre manager":2,
            "Research officer  political party":3,
            "Designer  blown glass\/stained glass":2,
            "Veterinary surgeon":1,
            "Civil Service administrator":3
        }
    },
    "Berry":{
        "count":54,
        "age":{
            "22":3,
            "44":2,
            "59":4,
            "61":3,
            "62":2,
            "51":2,
            "40":2,
            "46":1,
            "30":1,
            "58":3,
            "20":1,
            "41":2,
            "39":2,
            "42":3,
            "34":3,
            "21":2,
            "60":1,
            "52":1,
            "24":1,
            "26":2,
            "33":1,
            "55":2,
            "43":2,
            "29":1,
            "63":2,
            "49":1,
            "48":1,
            "37":1,
            "19":1,
            "35":1
        },
        "address":{
            "Askola":2,
            "Kaskinen":8,
            "Pelkosenniemi":6,
            "Kontiolahti":5,
            "Siikainen":3,
            "Somero":2,
            "Lumijoki":3,
            "Narpio":4,
            "Imatra":3,
            "Pirkkala":3,
            "Keuruu":1,
            "Taivassalo":3,
            "Alavieska":2,
            "Muurame":2,
            "Loimaa":2,
            "Haapajarvi":1,
            "Turku":2,
            "Kurikka":1,
            "Haapavesi":1
        },
        "occupation":{
            "Psychologist  sport and exercise":4,
            "Designer  blown glass\/stained glass":2,
            "Research officer  political party":3,
            "Contracting civil engineer":5,
            "Veterinary surgeon":6,
            "Facilities manager":3,
            "Therapist  occupational":2,
            "Civil engineer  consulting":4,
            "Geologist  engineering":3,
            "Accountant  chartered public finance":3,
            "Economist":2,
            "Hotel manager":5,
            "Microbiologist":2,
            "Technical author":3,
            "Recruitment consultant":2,
            "Civil Service administrator":2,
            "Fitness centre manager":2,
            "Animator":1
        }
    },
    "Ramirez":{
        "count":55,
        "age":{
            "56":2,
            "27":1,
            "45":2,
            "21":1,
            "60":3,
            "53":1,
            "52":2,
            "31":1,
            "43":5,
            "32":3,
            "26":3,
            "58":2,
            "28":1,
            "59":2,
            "30":4,
            "40":1,
            "22":1,
            "55":1,
            "25":2,
            "62":2,
            "35":1,
            "29":1,
            "34":2,
            "50":1,
            "33":2,
            "49":2,
            "37":2,
            "23":1,
            "42":1,
            "20":1,
            "39":1
        },
        "address":{
            "Askola":4,
            "Somero":3,
            "Narpio":3,
            "Haapajarvi":5,
            "Siikainen":4,
            "Imatra":1,
            "Kaskinen":3,
            "Turku":6,
            "Kontiolahti":5,
            "Muurame":5,
            "Keuruu":2,
            "Loimaa":1,
            "Taivassalo":4,
            "Pirkkala":3,
            "Pelkosenniemi":1,
            "Haapavesi":2,
            "Kurikka":3
        },
        "occupation":{
            "Animator":3,
            "Accountant  chartered public finance":6,
            "Civil Service administrator":5,
            "Veterinary surgeon":3,
            "Economist":4,
            "Contracting civil engineer":5,
            "Technical author":3,
            "Therapist  occupational":4,
            "Designer  blown glass\/stained glass":3,
            "Music tutor":2,
            "Recruitment consultant":4,
            "Research officer  political party":1,
            "Microbiologist":3,
            "Facilities manager":1,
            "Psychologist  sport and exercise":2,
            "Geologist  engineering":3,
            "Fitness centre manager":1,
            "Hotel manager":2
        }
    }
}