{
    "Hughes":{
        "count":31,
        "age":{
            "45":2,
            "44":1,
            "29":1,
            "37":2,
            "41":1,
            "43":3,
            "49":2,
            "42":2,
            "24":1,
            "30":1,
            "20":3,
            "22":1,
            "33":1,
            "58":1,
            "48":1,
            "59":1,
            "26":1,
            "34":1,
            "28":1,
            "61":1,
            "39":1,
            "31":1,
            "40":1
        },
        "address":{
            "Haapajarvi":1,
            "Alavieska":2,
            "Askola":2,
            "Kurikka":1,
            "Haapavesi":2,
            "Narpio":4,
            "Taivassalo":2,
            "Pirkkala":2,
            "Siikainen":2,
            "Turku":3,
            "Pelkosenniemi":2,
            "Kaskinen":2,
            "Lumijoki":2,
            "Imatra":2,
            "Loimaa":1,
            "Muurame":1
        },
        "occupation":{
            "Civil engineer  consulting":2,
            "Technical author":3,
            "Hotel manager":2,
            "Economist":4,
            "Geologist  engineering":2,
            "Designer  blown glass\/stained glass":3,
            "Fitness centre manager":2,
            "Accountant  chartered public finance":3,
            "Microbiologist":1,
            "Music tutor":3,
            "Animator":1,
            "Contracting civil engineer":1,
            "Veterinary surgeon":1,
            "Civil Service administrator":2,
            "Facilities manager":1
        }
    },
    "Cline":{
        "count":27,
        "age":{
            "45":1,
            "28":1,
            "57":1,
            "43":2,
            "27":1,
            "54":2,
            "33":1,
            "49":1,
            "21":1,
            "38":2,
            "50":1,
            "30":1,
            "41":2,
            "26":1,
            "37":1,
            "46":2,
            "36":1,
            "42":1,
            "63":1,
            "35":1,
            "51":1,
            "34":1
        },
        "address":{
            "Kontiolahti":3,
            "Narpio":4,
            "Alavieska":1,
            "Pelkosenniemi":2,
            "Taivassalo":3,
            "Siikainen":2,
            "Kaskinen":3,
            "Kurikka":2,
            "Keuruu":1,
            "Haapajarvi":2,
            "Turku":3,
            "Askola":1
        },
        "occupation":{
            "Designer  blown glass\/stained glass":1,
            "Therapist  occupational":2,
            "Music tutor":2,
            "Fitness centre manager":3,
            "Microbiologist":1,
            "Civil engineer  consulting":2,
            "Facilities manager":1,
            "Hotel manager":1,
            "Civil Service administrator":4,
            "Economist":2,
            "Accountant  chartered public finance":1,
            "Geologist  engineering":1,
            "Animator":1,
            "Contracting civil engineer":1,
            "Recruitment consultant":1,
            "Technical author":3
        }
    },
    "Franklin":{
        "count":31,
        "age":{
            "57":1,
            "24":2,
            "27":2,
            "60":1,
            "50":2,
            "53":2,
            "59":1,
            "61":1,
            "35":1,
            "41":1,
            "36":2,
            "44":1,
            "63":1,
            "39":2,
            "25":2,
            "47":2,
            "23":1,
            "49":2,
            "56":1,
            "62":1,
            "37":2
        },
        "address":{
            "Muurame":4,
            "Keuruu":2,
            "Kurikka":1,
            "Loimaa":2,
            "Imatra":3,
            "Haapavesi":2,
            "Siikainen":5,
            "Turku":1,
            "Narpio":2,
            "Pelkosenniemi":2,
            "Lumijoki":1,
            "Somero":1,
            "Taivassalo":3,
            "Alavieska":1,
            "Pirkkala":1
        },
        "occupation":{
            "Recruitment consultant":5,
            "Technical author":1,
            "Fitness centre manager":1,
            "Facilities manager":5,
            "Economist":2,
            "Psychologist  sport and exercise":1,
            "Veterinary surgeon":1,
            "Geologist  engineering":2,
            "Contracting civil engineer":2,
            "Civil engineer  consulting":2,
            "Hotel manager":1,
            "Therapist  occupational":2,
            "Civil Service administrator":3,
            "Microbiologist":1,
            "Music tutor":1,
            "Research officer  political party":1
        }
    },
    "Brown":{
        "count":38,
        "age":{
            "47":2,
            "42":1,
            "44":1,
            "35":1,
            "46":2,
            "59":2,
            "36":2,
            "23":1,
            "58":1,
            "54":1,
            "33":2,
            "19":3,
            "63":1,
            "32":2,
            "62":1,
            "48":2,
            "49":1,
            "60":2,
            "37":1,
            "39":2,
            "43":1,
            "30":1,
            "45":1,
            "61":1,
            "20":1,
            "53":1,
            "21":1
        },
        "address":{
            "Taivassalo":2,
            "Alavieska":4,
            "Muurame":1,
            "Keuruu":1,
            "Loimaa":2,
            "Haapavesi":3,
            "Siikainen":2,
            "Turku":3,
            "Kurikka":1,
            "Kaskinen":4,
            "Askola":2,
            "Somero":4,
            "Pirkkala":3,
            "Narpio":1,
            "Kontiolahti":2,
            "Lumijoki":1,
            "Pelkosenniemi":1,
            "Haapajarvi":1
        },
        "occupation":{
            "Recruitment consultant":3,
            "Music tutor":1,
            "Civil engineer  consulting":2,
            "Facilities manager":3,
            "Veterinary surgeon":7,
            "Contracting civil engineer":4,
            "Hotel manager":4,
            "Geologist  engineering":2,
            "Designer  blown glass\/stained glass":1,
            "Economist":2,
            "Microbiologist":2,
            "Technical author":1,
            "Research officer  political party":2,
            "Fitness centre manager":1,
            "Civil Service administrator":2,
            "Psychologist  sport and exercise":1
        }
    },
    "Campbell":{
        "count":28,
        "age":{
            "37":2,
            "38":2,
            "43":1,
            "40":1,
            "41":1,
            "33":1,
            "23":1,
            "56":1,
            "45":2,
            "25":1,
            "62":2,
            "53":1,
            "48":1,
            "49":2,
            "19":3,
            "47":1,
            "54":1,
            "52":1,
            "55":1,
            "58":1,
            "26":1
        },
        "address":{
            "Loimaa":2,
            "Kaskinen":3,
            "Muurame":2,
            "Narpio":2,
            "Askola":4,
            "Pelkosenniemi":1,
            "Haapajarvi":2,
            "Lumijoki":1,
            "Taivassalo":1,
            "Keuruu":3,
            "Haapavesi":1,
            "Kontiolahti":2,
            "Turku":2,
            "Somero":1,
            "Alavieska":1
        },
        "occupation":{
            "Facilities manager":3,
            "Recruitment consultant":2,
            "Technical author":3,
            "Civil engineer  consulting":3,
            "Research officer  political party":2,
            "Animator":4,
            "Contracting civil engineer":1,
            "Psychologist  sport and exercise":1,
            "Hotel manager":1,
            "Microbiologist":1,
            "Music tutor":1,
            "Geologist  engineering":2,
            "Civil Service administrator":1,
            "Veterinary surgeon":1,
            "Accountant  chartered public finance":1,
            "Designer  blown glass\/stained glass":1
        }
    },
    "Combs":{
        "count":26,
        "age":{
            "36":3,
            "24":3,
            "38":1,
            "22":1,
            "44":2,
            "32":1,
            "42":1,
            "57":2,
            "49":2,
            "28":1,
            "52":1,
            "48":1,
            "46":1,
            "41":1,
            "20":1,
            "35":1,
            "30":1,
            "31":1,
            "21":1
        },
        "address":{
            "Kurikka":2,
            "Narpio":3,
            "Haapajarvi":3,
            "Pelkosenniemi":3,
            "Taivassalo":2,
            "Kaskinen":1,
            "Askola":2,
            "Lumijoki":2,
            "Pirkkala":2,
            "Loimaa":1,
            "Imatra":2,
            "Somero":1,
            "Turku":1,
            "Siikainen":1
        },
        "occupation":{
            "Geologist  engineering":3,
            "Animator":1,
            "Accountant  chartered public finance":1,
            "Recruitment consultant":2,
            "Veterinary surgeon":3,
            "Music tutor":1,
            "Fitness centre manager":2,
            "Civil Service administrator":1,
            "Designer  blown glass\/stained glass":3,
            "Research officer  political party":3,
            "Hotel manager":1,
            "Therapist  occupational":1,
            "Civil engineer  consulting":2,
            "Economist":1,
            "Microbiologist":1
        }
    },
    "Johnson":{
        "count":31,
        "age":{
            "37":1,
            "58":2,
            "40":1,
            "30":1,
            "24":1,
            "53":2,
            "52":3,
            "63":2,
            "21":1,
            "20":1,
            "28":1,
            "39":1,
            "61":1,
            "43":1,
            "32":1,
            "62":2,
            "46":1,
            "48":1,
            "54":2,
            "23":1,
            "47":1,
            "50":1,
            "41":1,
            "33":1
        },
        "address":{
            "Pelkosenniemi":2,
            "Lumijoki":1,
            "Kurikka":2,
            "Kaskinen":6,
            "Alavieska":1,
            "Loimaa":1,
            "Imatra":3,
            "Kontiolahti":3,
            "Haapavesi":3,
            "Askola":3,
            "Turku":1,
            "Muurame":1,
            "Somero":1,
            "Pirkkala":1,
            "Haapajarvi":1,
            "Narpio":1
        },
        "occupation":{
            "Microbiologist":3,
            "Contracting civil engineer":3,
            "Music tutor":3,
            "Research officer  political party":3,
            "Psychologist  sport and exercise":4,
            "Economist":2,
            "Designer  blown glass\/stained glass":1,
            "Therapist  occupational":1,
            "Veterinary surgeon":2,
            "Fitness centre manager":2,
            "Technical author":1,
            "Hotel manager":1,
            "Accountant  chartered public finance":2,
            "Recruitment consultant":2,
            "Geologist  engineering":1
        }
    },
    "Underwood":{
        "count":32,
        "age":{
            "51":1,
            "33":5,
            "38":2,
            "29":3,
            "62":3,
            "28":1,
            "30":1,
            "50":1,
            "58":1,
            "61":1,
            "41":1,
            "56":1,
            "48":2,
            "20":1,
            "39":1,
            "26":1,
            "19":1,
            "34":1,
            "23":1,
            "31":1,
            "63":1,
            "27":1
        },
        "address":{
            "Askola":1,
            "Lumijoki":2,
            "Haapajarvi":3,
            "Muurame":1,
            "Turku":1,
            "Keuruu":2,
            "Pelkosenniemi":4,
            "Alavieska":1,
            "Kaskinen":3,
            "Loimaa":3,
            "Siikainen":1,
            "Haapavesi":1,
            "Kontiolahti":2,
            "Kurikka":1,
            "Taivassalo":1,
            "Imatra":2,
            "Narpio":2,
            "Somero":1
        },
        "occupation":{
            "Geologist  engineering":3,
            "Civil Service administrator":4,
            "Veterinary surgeon":2,
            "Research officer  political party":1,
            "Civil engineer  consulting":3,
            "Contracting civil engineer":1,
            "Accountant  chartered public finance":3,
            "Microbiologist":3,
            "Therapist  occupational":2,
            "Recruitment consultant":1,
            "Technical author":1,
            "Psychologist  sport and exercise":2,
            "Animator":3,
            "Music tutor":2,
            "Designer  blown glass\/stained glass":1
        }
    },
    "Jones":{
        "count":27,
        "age":{
            "22":2,
            "31":1,
            "53":1,
            "49":1,
            "34":1,
            "58":1,
            "55":2,
            "28":1,
            "42":1,
            "25":3,
            "30":1,
            "38":1,
            "23":1,
            "43":1,
            "36":1,
            "57":1,
            "24":1,
            "50":1,
            "46":1,
            "51":1,
            "26":1,
            "40":1,
            "20":1
        },
        "address":{
            "Haapajarvi":3,
            "Turku":3,
            "Askola":5,
            "Lumijoki":1,
            "Keuruu":1,
            "Narpio":1,
            "Kurikka":1,
            "Kontiolahti":1,
            "Pelkosenniemi":2,
            "Taivassalo":1,
            "Haapavesi":1,
            "Siikainen":1,
            "Imatra":1,
            "Loimaa":2,
            "Alavieska":1,
            "Somero":1,
            "Pirkkala":1
        },
        "occupation":{
            "Hotel manager":1,
            "Technical author":3,
            "Music tutor":2,
            "Research officer  political party":1,
            "Accountant  chartered public finance":1,
            "Civil engineer  consulting":1,
            "Animator":2,
            "Microbiologist":1,
            "Designer  blown glass\/stained glass":3,
            "Facilities manager":3,
            "Economist":2,
            "Fitness centre manager":1,
            "Psychologist  sport and exercise":4,
            "Veterinary surgeon":2
        }
    },
    "Hayes":{
        "count":28,
        "age":{
            "32":2,
            "19":2,
            "27":2,
            "42":1,
            "22":1,
            "30":1,
            "60":1,
            "35":2,
            "63":3,
            "43":1,
            "33":3,
            "50":1,
            "34":2,
            "62":1,
            "61":1,
            "59":1,
            "20":1,
            "52":1,
            "57":1
        },
        "address":{
            "Haapajarvi":2,
            "Imatra":3,
            "Turku":3,
            "Loimaa":2,
            "Haapavesi":3,
            "Askola":2,
            "Kontiolahti":3,
            "Keuruu":3,
            "Alavieska":2,
            "Somero":1,
            "Kaskinen":1,
            "Siikainen":1,
            "Lumijoki":1,
            "Kurikka":1
        },
        "occupation":{
            "Research officer  political party":1,
            "Music tutor":3,
            "Psychologist  sport and exercise":3,
            "Technical author":2,
            "Civil engineer  consulting":1,
            "Geologist  engineering":1,
            "Economist":1,
            "Hotel manager":2,
            "Civil Service administrator":5,
            "Accountant  chartered public finance":3,
            "Designer  blown glass\/stained glass":1,
            "Veterinary surgeon":1,
            "Recruitment consultant":2,
            "Facilities manager":1,
            "Animator":1
        }
    },
    "Knox":{
        "count":33,
        "age":{
            "51":2,
            "22":1,
            "55":2,
            "41":1,
            "57":1,
            "19":3,
            "35":1,
            "34":2,
            "33":1,
            "61":3,
            "50":1,
            "27":1,
            "26":1,
            "21":1,
            "53":2,
            "59":1,
            "62":2,
            "60":1,
            "45":1,
            "49":1,
            "43":1,
            "42":2,
            "47":1
        },
        "address":{
            "Muurame":3,
            "Haapajarvi":5,
            "Taivassalo":1,
            "Kurikka":2,
            "Imatra":2,
            "Lumijoki":3,
            "Haapavesi":4,
            "Pirkkala":2,
            "Kaskinen":3,
            "Kontiolahti":2,
            "Somero":2,
            "Pelkosenniemi":2,
            "Alavieska":1,
            "Siikainen":1
        },
        "occupation":{
            "Accountant  chartered public finance":2,
            "Recruitment consultant":2,
            "Veterinary surgeon":5,
            "Economist":2,
            "Designer  blown glass\/stained glass":1,
            "Civil Service administrator":3,
            "Fitness centre manager":1,
            "Microbiologist":1,
            "Music tutor":2,
            "Civil engineer  consulting":1,
            "Psychologist  sport and exercise":3,
            "Technical author":3,
            "Animator":2,
            "Research officer  political party":1,
            "Facilities manager":2,
            "Hotel manager":2
        }
    },
    "Atkins":{
        "count":24,
        "age":{
            "45":2,
            "28":3,
            "30":1,
            "62":1,
            "54":1,
            "47":1,
            "55":1,
            "59":2,
            "40":2,
            "50":1,
            "46":1,
            "56":1,
            "61":1,
            "48":1,
            "37":1,
            "60":1,
            "41":1,
            "51":1,
            "35":1
        },
        "address":{
            "Haapavesi":2,
            "Kaskinen":2,
            "Siikainen":1,
            "Turku":2,
            "Lumijoki":1,
            "Taivassalo":1,
            "Somero":2,
            "Kurikka":3,
            "Imatra":2,
            "Haapajarvi":2,
            "Askola":2,
            "Pirkkala":2,
            "Kontiolahti":1,
            "Muurame":1
        },
        "occupation":{
            "Psychologist  sport and exercise":1,
            "Geologist  engineering":4,
            "Animator":2,
            "Research officer  political party":3,
            "Facilities manager":2,
            "Contracting civil engineer":3,
            "Designer  blown glass\/stained glass":4,
            "Veterinary surgeon":1,
            "Therapist  occupational":1,
            "Civil Service administrator":1,
            "Hotel manager":1,
            "Recruitment consultant":1
        }
    },
    "Mason":{
        "count":24,
        "age":{
            "45":2,
            "19":1,
            "56":1,
            "27":1,
            "29":1,
            "60":1,
            "48":1,
            "49":1,
            "43":1,
            "51":1,
            "28":1,
            "61":1,
            "23":1,
            "34":1,
            "62":2,
            "53":1,
            "41":1,
            "24":1,
            "59":1,
            "33":1,
            "54":1,
            "57":1
        },
        "address":{
            "Muurame":3,
            "Haapajarvi":3,
            "Siikainen":1,
            "Haapavesi":1,
            "Imatra":1,
            "Loimaa":2,
            "Pelkosenniemi":1,
            "Pirkkala":2,
            "Kaskinen":1,
            "Kontiolahti":3,
            "Turku":2,
            "Kurikka":1,
            "Narpio":1,
            "Lumijoki":1,
            "Taivassalo":1
        },
        "occupation":{
            "Technical author":2,
            "Psychologist  sport and exercise":2,
            "Animator":2,
            "Microbiologist":1,
            "Civil Service administrator":2,
            "Accountant  chartered public finance":2,
            "Hotel manager":1,
            "Contracting civil engineer":1,
            "Fitness centre manager":2,
            "Economist":1,
            "Geologist  engineering":1,
            "Designer  blown glass\/stained glass":2,
            "Recruitment consultant":1,
            "Veterinary surgeon":1,
            "Civil engineer  consulting":1,
            "Music tutor":1,
            "Therapist  occupational":1
        }
    },
    "Smith":{
        "count":29,
        "age":{
            "23":2,
            "62":2,
            "35":2,
            "33":1,
            "54":1,
            "56":1,
            "57":1,
            "48":1,
            "26":1,
            "24":2,
            "63":2,
            "58":1,
            "25":2,
            "38":1,
            "61":1,
            "47":1,
            "52":1,
            "31":1,
            "21":1,
            "51":1,
            "43":1,
            "39":1,
            "32":1
        },
        "address":{
            "Pelkosenniemi":2,
            "Askola":1,
            "Somero":2,
            "Lumijoki":3,
            "Siikainen":4,
            "Alavieska":2,
            "Kontiolahti":3,
            "Kaskinen":2,
            "Kurikka":3,
            "Narpio":2,
            "Muurame":1,
            "Keuruu":1,
            "Haapavesi":1,
            "Haapajarvi":2
        },
        "occupation":{
            "Research officer  political party":2,
            "Facilities manager":2,
            "Animator":1,
            "Hotel manager":3,
            "Designer  blown glass\/stained glass":4,
            "Microbiologist":1,
            "Fitness centre manager":1,
            "Veterinary surgeon":2,
            "Music tutor":3,
            "Contracting civil engineer":1,
            "Technical author":5,
            "Recruitment consultant":1,
            "Economist":1,
            "Geologist  engineering":1,
            "Civil Service administrator":1
        }
    },
    "Powell":{
        "count":28,
        "age":{
            "31":1,
            "41":1,
            "51":1,
            "60":2,
            "20":1,
            "22":1,
            "44":2,
            "27":1,
            "19":1,
            "36":2,
            "42":2,
            "59":2,
            "23":1,
            "58":2,
            "43":1,
            "21":1,
            "26":1,
            "55":1,
            "33":1,
            "45":2,
            "46":1
        },
        "address":{
            "Pelkosenniemi":4,
            "Siikainen":2,
            "Haapajarvi":1,
            "Loimaa":1,
            "Lumijoki":3,
            "Kontiolahti":3,
            "Turku":3,
            "Pirkkala":2,
            "Keuruu":2,
            "Taivassalo":2,
            "Haapavesi":1,
            "Somero":1,
            "Kurikka":1,
            "Alavieska":1,
            "Muurame":1
        },
        "occupation":{
            "Therapist  occupational":3,
            "Economist":2,
            "Civil engineer  consulting":3,
            "Technical author":1,
            "Designer  blown glass\/stained glass":2,
            "Contracting civil engineer":2,
            "Facilities manager":3,
            "Hotel manager":2,
            "Microbiologist":2,
            "Geologist  engineering":3,
            "Psychologist  sport and exercise":2,
            "Music tutor":1,
            "Accountant  chartered public finance":1,
            "Recruitment consultant":1
        }
    },
    "Perry":{
        "count":21,
        "age":{
            "63":1,
            "35":3,
            "39":1,
            "54":2,
            "55":1,
            "53":2,
            "44":1,
            "22":1,
            "28":1,
            "62":1,
            "52":1,
            "57":1,
            "23":1,
            "56":1,
            "38":1,
            "40":1,
            "45":1
        },
        "address":{
            "Kontiolahti":4,
            "Kurikka":2,
            "Somero":1,
            "Turku":3,
            "Alavieska":2,
            "Taivassalo":2,
            "Pelkosenniemi":1,
            "Pirkkala":1,
            "Loimaa":1,
            "Imatra":2,
            "Kaskinen":1,
            "Keuruu":1
        },
        "occupation":{
            "Civil engineer  consulting":1,
            "Technical author":5,
            "Economist":1,
            "Hotel manager":1,
            "Contracting civil engineer":3,
            "Civil Service administrator":1,
            "Therapist  occupational":1,
            "Animator":2,
            "Veterinary surgeon":1,
            "Psychologist  sport and exercise":2,
            "Geologist  engineering":1,
            "Accountant  chartered public finance":1,
            "Recruitment consultant":1
        }
    },
    "Martin":{
        "count":30,
        "age":{
            "43":2,
            "42":1,
            "23":2,
            "31":2,
            "56":1,
            "39":1,
            "60":1,
            "47":4,
            "46":1,
            "41":1,
            "45":2,
            "32":1,
            "38":1,
            "51":1,
            "33":2,
            "37":1,
            "21":1,
            "35":2,
            "20":1,
            "62":1,
            "24":1
        },
        "address":{
            "Imatra":2,
            "Pirkkala":3,
            "Siikainen":2,
            "Alavieska":1,
            "Pelkosenniemi":3,
            "Kurikka":2,
            "Turku":2,
            "Somero":1,
            "Haapajarvi":3,
            "Askola":2,
            "Kaskinen":2,
            "Kontiolahti":1,
            "Haapavesi":1,
            "Loimaa":1,
            "Taivassalo":1,
            "Lumijoki":2,
            "Narpio":1
        },
        "occupation":{
            "Geologist  engineering":3,
            "Animator":6,
            "Therapist  occupational":4,
            "Facilities manager":2,
            "Technical author":1,
            "Recruitment consultant":5,
            "Accountant  chartered public finance":2,
            "Microbiologist":2,
            "Hotel manager":1,
            "Music tutor":2,
            "Contracting civil engineer":1,
            "Civil engineer  consulting":1
        }
    },
    "Berry":{
        "count":27,
        "age":{
            "22":2,
            "44":1,
            "59":2,
            "61":1,
            "62":1,
            "51":2,
            "40":2,
            "46":1,
            "30":1,
            "58":1,
            "20":1,
            "41":1,
            "39":1,
            "42":3,
            "34":1,
            "21":2,
            "60":1,
            "52":1,
            "24":1,
            "26":1
        },
        "address":{
            "Askola":1,
            "Kaskinen":4,
            "Pelkosenniemi":4,
            "Kontiolahti":2,
            "Siikainen":2,
            "Somero":2,
            "Lumijoki":2,
            "Narpio":3,
            "Imatra":2,
            "Pirkkala":2,
            "Keuruu":1,
            "Taivassalo":1,
            "Alavieska":1
        },
        "occupation":{
            "Psychologist  sport and exercise":2,
            "Designer  blown glass\/stained glass":2,
            "Research officer  political party":2,
            "Contracting civil engineer":4,
            "Veterinary surgeon":3,
            "Facilities manager":3,
            "Therapist  occupational":1,
            "Civil engineer  consulting":1,
            "Geologist  engineering":1,
            "Accountant  chartered public finance":2,
            "Economist":2,
            "Hotel manager":2,
            "Microbiologist":1,
            "Technical author":1
        }
    },
    "Ramirez":{
        "count":28,
        "age":{
            "56":2,
            "27":1,
            "45":1,
            "21":1,
            "60":2,
            "53":1,
            "52":1,
            "31":1,
            "43":1,
            "32":1,
            "26":1,
            "58":2,
            "28":1,
            "59":2,
            "30":1,
            "40":1,
            "22":1,
            "55":1,
            "25":1,
            "62":1,
            "35":1,
            "29":1,
            "34":1,
            "50":1
        },
        "address":{
            "Askola":4,
            "Somero":1,
            "Narpio":2,
            "Haapajarvi":3,
            "Siikainen":2,
            "Imatra":1,
            "Kaskinen":2,
            "Turku":2,
            "Kontiolahti":4,
            "Muurame":4,
            "Keuruu":1,
            "Loimaa":1,
            "Taivassalo":1
        },
        "occupation":{
            "Animator":2,
            "Accountant  chartered public finance":2,
            "Civil Service administrator":2,
            "Veterinary surgeon":3,
            "Economist":3,
            "Contracting civil engineer":4,
            "Technical author":2,
            "Therapist  occupational":2,
            "Designer  blown glass\/stained glass":1,
            "Music tutor":1,
            "Recruitment consultant":1,
            "Research officer  political party":1,
            "Microbiologist":1,
            "Facilities manager":1,
            "Psychologist  sport and exercise":1,
            "Geologist  engineering":1
        }
    }
}