{
    "Hughes":{
        "count":52,
        "age":{
            "45":3,
            "44":2,
            "29":1,
            "37":3,
            "41":5,
            "43":3,
            "49":3,
            "42":2,
            "24":3,
            "30":1,
            "20":3,
            "22":2,
            "33":2,
            "58":1,
            "48":1,
            "59":1,
            "26":1,
            "34":1,
            "28":1,
            "61":1,
            "39":1,
            "31":1,
            "40":1,
            "60":1,
            "32":1,
            "57":2,
            "36":2,
            "23":1,
            "51":1,
            "38":1
        },
        "address":{
            "Haapajarvi":1,
            "Alavieska":2,
            "Askola":3,
            "Kurikka":3,
            "Haapavesi":2,
            "Narpio":6,
            "Taivassalo":4,
            "Pirkkala":2,
            "Siikainen":4,
            "Turku":5,
            "Pelkosenniemi":3,
            "Kaskinen":4,
            "Lumijoki":3,
            "Imatra":2,
            "Loimaa":2,
            "Muurame":2,
            "Kontiolahti":2,
            "Keuruu":1,
            "Somero":1
        },
        "occupation":{
            "Civil engineer  consulting":5,
            "Technical author":4,
            "Hotel manager":3,
            "Economist":6,
            "Geologist  engineering":2,
            "Designer  blown glass\/stained glass":4,
            "Fitness centre manager":2,
            "Accountant  chartered public finance":5,
            "Microbiologist":2,
            "Music tutor":4,
            "Animator":1,
            "Contracting civil engineer":1,
            "Veterinary surgeon":2,
            "Civil Service administrator":4,
            "Facilities manager":2,
            "Therapist  occupational":1,
            "Psychologist  sport and exercise":2,
            "Recruitment consultant":1,
            "Research officer  political party":1
        }
    },
    "Cline":{
        "count":38,
        "age":{
            "45":2,
            "28":1,
            "57":1,
            "43":2,
            "27":1,
            "54":2,
            "33":2,
            "49":1,
            "21":1,
            "38":3,
            "50":2,
            "30":1,
            "41":2,
            "26":1,
            "37":2,
            "46":2,
            "36":1,
            "42":1,
            "63":1,
            "35":1,
            "51":1,
            "34":1,
            "32":1,
            "48":1,
            "19":1,
            "25":2,
            "31":1
        },
        "address":{
            "Kontiolahti":3,
            "Narpio":4,
            "Alavieska":1,
            "Pelkosenniemi":3,
            "Taivassalo":4,
            "Siikainen":3,
            "Kaskinen":3,
            "Kurikka":2,
            "Keuruu":1,
            "Haapajarvi":3,
            "Turku":3,
            "Askola":1,
            "Haapavesi":1,
            "Loimaa":3,
            "Somero":3
        },
        "occupation":{
            "Designer  blown glass\/stained glass":3,
            "Therapist  occupational":2,
            "Music tutor":2,
            "Fitness centre manager":3,
            "Microbiologist":1,
            "Civil engineer  consulting":2,
            "Facilities manager":2,
            "Hotel manager":1,
            "Civil Service administrator":4,
            "Economist":2,
            "Accountant  chartered public finance":2,
            "Geologist  engineering":1,
            "Animator":3,
            "Contracting civil engineer":4,
            "Recruitment consultant":2,
            "Technical author":3,
            "Research officer  political party":1
        }
    },
    "Franklin":{
        "count":46,
        "age":{
            "57":2,
            "24":2,
            "27":2,
            "60":1,
            "50":2,
            "53":3,
            "59":1,
            "61":2,
            "35":1,
            "41":2,
            "36":2,
            "44":2,
            "63":1,
            "39":2,
            "25":2,
            "47":2,
            "23":1,
            "49":2,
            "56":2,
            "62":2,
            "37":3,
            "21":2,
            "29":1,
            "45":1,
            "48":1,
            "51":1,
            "19":1
        },
        "address":{
            "Muurame":4,
            "Keuruu":5,
            "Kurikka":2,
            "Loimaa":3,
            "Imatra":4,
            "Haapavesi":2,
            "Siikainen":6,
            "Turku":1,
            "Narpio":4,
            "Pelkosenniemi":2,
            "Lumijoki":1,
            "Somero":1,
            "Taivassalo":4,
            "Alavieska":2,
            "Pirkkala":3,
            "Askola":1,
            "Haapajarvi":1
        },
        "occupation":{
            "Recruitment consultant":5,
            "Technical author":3,
            "Fitness centre manager":3,
            "Facilities manager":6,
            "Economist":2,
            "Psychologist  sport and exercise":1,
            "Veterinary surgeon":2,
            "Geologist  engineering":2,
            "Contracting civil engineer":2,
            "Civil engineer  consulting":2,
            "Hotel manager":1,
            "Therapist  occupational":3,
            "Civil Service administrator":4,
            "Microbiologist":3,
            "Music tutor":2,
            "Research officer  political party":2,
            "Accountant  chartered public finance":2,
            "Designer  blown glass\/stained glass":1
        }
    },
    "Brown":{
        "count":54,
        "age":{
            "47":2,
            "42":2,
            "44":1,
            "35":2,
            "46":2,
            "59":2,
            "36":3,
            "23":2,
            "58":2,
            "54":1,
            "33":2,
            "19":3,
            "63":1,
            "32":2,
            "62":1,
            "48":2,
            "49":2,
            "60":2,
            "37":1,
            "39":2,
            "43":1,
            "30":2,
            "45":1,
            "61":2,
            "20":2,
            "53":2,
            "21":1,
            "51":1,
            "28":1,
            "29":2,
            "27":2
        },
        "address":{
            "Taivassalo":3,
            "Alavieska":6,
            "Muurame":1,
            "Keuruu":1,
            "Loimaa":2,
            "Haapavesi":3,
            "Siikainen":3,
            "Turku":5,
            "Kurikka":2,
            "Kaskinen":5,
            "Askola":3,
            "Somero":6,
            "Pirkkala":5,
            "Narpio":3,
            "Kontiolahti":2,
            "Lumijoki":1,
            "Pelkosenniemi":1,
            "Haapajarvi":2
        },
        "occupation":{
            "Recruitment consultant":3,
            "Music tutor":3,
            "Civil engineer  consulting":2,
            "Facilities manager":3,
            "Veterinary surgeon":10,
            "Contracting civil engineer":7,
            "Hotel manager":5,
            "Geologist  engineering":2,
            "Designer  blown glass\/stained glass":2,
            "Economist":2,
            "Microbiologist":3,
            "Technical author":2,
            "Research officer  political party":4,
            "Fitness centre manager":1,
            "Civil Service administrator":2,
            "Psychologist  sport and exercise":1,
            "Animator":1,
            "Therapist  occupational":1
        }
    },
    "Campbell":{
        "count":40,
        "age":{
            "37":3,
            "38":2,
            "43":1,
            "40":1,
            "41":1,
            "33":2,
            "23":1,
            "56":1,
            "45":2,
            "25":1,
            "62":2,
            "53":2,
            "48":1,
            "49":3,
            "19":3,
            "47":1,
            "54":1,
            "52":1,
            "55":2,
            "58":1,
            "26":2,
            "57":1,
            "35":1,
            "30":1,
            "51":1,
            "60":1,
            "28":1
        },
        "address":{
            "Loimaa":2,
            "Kaskinen":3,
            "Muurame":3,
            "Narpio":2,
            "Askola":4,
            "Pelkosenniemi":2,
            "Haapajarvi":4,
            "Lumijoki":1,
            "Taivassalo":1,
            "Keuruu":4,
            "Haapavesi":1,
            "Kontiolahti":3,
            "Turku":2,
            "Somero":2,
            "Alavieska":1,
            "Imatra":1,
            "Siikainen":3,
            "Pirkkala":1
        },
        "occupation":{
            "Facilities manager":5,
            "Recruitment consultant":2,
            "Technical author":3,
            "Civil engineer  consulting":3,
            "Research officer  political party":4,
            "Animator":4,
            "Contracting civil engineer":1,
            "Psychologist  sport and exercise":1,
            "Hotel manager":2,
            "Microbiologist":1,
            "Music tutor":1,
            "Geologist  engineering":2,
            "Civil Service administrator":3,
            "Veterinary surgeon":2,
            "Accountant  chartered public finance":2,
            "Designer  blown glass\/stained glass":1,
            "Fitness centre manager":1,
            "Therapist  occupational":1,
            "Economist":1
        }
    },
    "Combs":{
        "count":40,
        "age":{
            "36":3,
            "24":3,
            "38":1,
            "22":1,
            "44":2,
            "32":1,
            "42":3,
            "57":3,
            "49":2,
            "28":2,
            "52":2,
            "48":1,
            "46":1,
            "41":1,
            "20":1,
            "35":2,
            "30":1,
            "31":3,
            "21":1,
            "61":1,
            "53":1,
            "27":1,
            "59":1,
            "40":1,
            "58":1
        },
        "address":{
            "Kurikka":2,
            "Narpio":4,
            "Haapajarvi":4,
            "Pelkosenniemi":3,
            "Taivassalo":2,
            "Kaskinen":1,
            "Askola":2,
            "Lumijoki":3,
            "Pirkkala":4,
            "Loimaa":3,
            "Imatra":3,
            "Somero":1,
            "Turku":2,
            "Siikainen":2,
            "Alavieska":2,
            "Haapavesi":1,
            "Keuruu":1
        },
        "occupation":{
            "Geologist  engineering":4,
            "Animator":3,
            "Accountant  chartered public finance":3,
            "Recruitment consultant":2,
            "Veterinary surgeon":5,
            "Music tutor":2,
            "Fitness centre manager":2,
            "Civil Service administrator":1,
            "Designer  blown glass\/stained glass":4,
            "Research officer  political party":5,
            "Hotel manager":3,
            "Therapist  occupational":1,
            "Civil engineer  consulting":2,
            "Economist":1,
            "Microbiologist":2
        }
    },
    "Johnson":{
        "count":49,
        "age":{
            "37":3,
            "58":4,
            "40":2,
            "30":1,
            "24":1,
            "53":2,
            "52":4,
            "63":2,
            "21":1,
            "20":1,
            "28":1,
            "39":1,
            "61":1,
            "43":2,
            "32":2,
            "62":3,
            "46":1,
            "48":2,
            "54":2,
            "23":1,
            "47":1,
            "50":1,
            "41":1,
            "33":2,
            "60":2,
            "36":1,
            "56":1,
            "49":1,
            "19":2
        },
        "address":{
            "Pelkosenniemi":3,
            "Lumijoki":1,
            "Kurikka":3,
            "Kaskinen":6,
            "Alavieska":1,
            "Loimaa":1,
            "Imatra":3,
            "Kontiolahti":3,
            "Haapavesi":3,
            "Askola":3,
            "Turku":2,
            "Muurame":1,
            "Somero":1,
            "Pirkkala":4,
            "Haapajarvi":1,
            "Narpio":4,
            "Keuruu":3,
            "Siikainen":4,
            "Taivassalo":2
        },
        "occupation":{
            "Microbiologist":3,
            "Contracting civil engineer":4,
            "Music tutor":5,
            "Research officer  political party":4,
            "Psychologist  sport and exercise":5,
            "Economist":4,
            "Designer  blown glass\/stained glass":3,
            "Therapist  occupational":1,
            "Veterinary surgeon":3,
            "Fitness centre manager":2,
            "Technical author":2,
            "Hotel manager":1,
            "Accountant  chartered public finance":4,
            "Recruitment consultant":3,
            "Geologist  engineering":2,
            "Civil engineer  consulting":1,
            "Animator":1,
            "Facilities manager":1
        }
    },
    "Underwood":{
        "count":45,
        "age":{
            "51":1,
            "33":6,
            "38":2,
            "29":3,
            "62":4,
            "28":1,
            "30":1,
            "50":4,
            "58":2,
            "61":1,
            "41":1,
            "56":1,
            "48":2,
            "20":1,
            "39":1,
            "26":1,
            "19":1,
            "34":1,
            "23":2,
            "31":2,
            "63":2,
            "27":1,
            "25":1,
            "42":1,
            "36":1,
            "44":1
        },
        "address":{
            "Askola":1,
            "Lumijoki":3,
            "Haapajarvi":6,
            "Muurame":1,
            "Turku":3,
            "Keuruu":3,
            "Pelkosenniemi":5,
            "Alavieska":2,
            "Kaskinen":3,
            "Loimaa":3,
            "Siikainen":1,
            "Haapavesi":1,
            "Kontiolahti":2,
            "Kurikka":1,
            "Taivassalo":1,
            "Imatra":3,
            "Narpio":3,
            "Somero":2,
            "Pirkkala":1
        },
        "occupation":{
            "Geologist  engineering":3,
            "Civil Service administrator":6,
            "Veterinary surgeon":2,
            "Research officer  political party":1,
            "Civil engineer  consulting":3,
            "Contracting civil engineer":1,
            "Accountant  chartered public finance":3,
            "Microbiologist":3,
            "Therapist  occupational":3,
            "Recruitment consultant":1,
            "Technical author":2,
            "Psychologist  sport and exercise":4,
            "Animator":3,
            "Music tutor":2,
            "Designer  blown glass\/stained glass":5,
            "Economist":1,
            "Facilities manager":1,
            "Fitness centre manager":1
        }
    },
    "Jones":{
        "count":42,
        "age":{
            "22":3,
            "31":2,
            "53":1,
            "49":1,
            "34":1,
            "58":1,
            "55":3,
            "28":1,
            "42":1,
            "25":3,
            "30":1,
            "38":1,
            "23":1,
            "43":1,
            "36":1,
            "57":2,
            "24":2,
            "50":1,
            "46":1,
            "51":1,
            "26":2,
            "40":1,
            "20":1,
            "33":1,
            "35":1,
            "47":2,
            "52":1,
            "56":1,
            "45":1,
            "61":1,
            "48":1
        },
        "address":{
            "Haapajarvi":4,
            "Turku":3,
            "Askola":6,
            "Lumijoki":1,
            "Keuruu":5,
            "Narpio":2,
            "Kurikka":2,
            "Kontiolahti":1,
            "Pelkosenniemi":2,
            "Taivassalo":1,
            "Haapavesi":1,
            "Siikainen":1,
            "Imatra":2,
            "Loimaa":3,
            "Alavieska":3,
            "Somero":3,
            "Pirkkala":1,
            "Kaskinen":1
        },
        "occupation":{
            "Hotel manager":2,
            "Technical author":4,
            "Music tutor":4,
            "Research officer  political party":1,
            "Accountant  chartered public finance":2,
            "Civil engineer  consulting":1,
            "Animator":3,
            "Microbiologist":1,
            "Designer  blown glass\/stained glass":4,
            "Facilities manager":4,
            "Economist":3,
            "Fitness centre manager":1,
            "Psychologist  sport and exercise":6,
            "Veterinary surgeon":2,
            "Civil Service administrator":1,
            "Recruitment consultant":1,
            "Contracting civil engineer":1,
            "Geologist  engineering":1
        }
    },
    "Hayes":{
        "count":37,
        "age":{
            "32":2,
            "19":2,
            "27":2,
            "42":2,
            "22":1,
            "30":1,
            "60":1,
            "35":2,
            "63":3,
            "43":2,
            "33":3,
            "50":1,
            "34":2,
            "62":1,
            "61":1,
            "59":1,
            "20":1,
            "52":2,
            "57":3,
            "39":1,
            "31":2,
            "21":1
        },
        "address":{
            "Haapajarvi":3,
            "Imatra":3,
            "Turku":4,
            "Loimaa":3,
            "Haapavesi":4,
            "Askola":2,
            "Kontiolahti":3,
            "Keuruu":3,
            "Alavieska":2,
            "Somero":1,
            "Kaskinen":3,
            "Siikainen":1,
            "Lumijoki":1,
            "Kurikka":2,
            "Muurame":1,
            "Narpio":1
        },
        "occupation":{
            "Research officer  political party":2,
            "Music tutor":3,
            "Psychologist  sport and exercise":3,
            "Technical author":4,
            "Civil engineer  consulting":1,
            "Geologist  engineering":1,
            "Economist":1,
            "Hotel manager":4,
            "Civil Service administrator":6,
            "Accountant  chartered public finance":3,
            "Designer  blown glass\/stained glass":1,
            "Veterinary surgeon":1,
            "Recruitment consultant":5,
            "Facilities manager":1,
            "Animator":1
        }
    },
    "Knox":{
        "count":50,
        "age":{
            "51":3,
            "22":1,
            "55":2,
            "41":3,
            "57":1,
            "19":3,
            "35":3,
            "34":2,
            "33":1,
            "61":4,
            "50":1,
            "27":1,
            "26":1,
            "21":1,
            "53":2,
            "59":1,
            "62":2,
            "60":1,
            "45":1,
            "49":2,
            "43":2,
            "42":3,
            "47":1,
            "32":1,
            "40":1,
            "46":1,
            "52":2,
            "36":1,
            "24":1,
            "48":1
        },
        "address":{
            "Muurame":5,
            "Haapajarvi":6,
            "Taivassalo":2,
            "Kurikka":4,
            "Imatra":2,
            "Lumijoki":3,
            "Haapavesi":4,
            "Pirkkala":3,
            "Kaskinen":3,
            "Kontiolahti":6,
            "Somero":3,
            "Pelkosenniemi":3,
            "Alavieska":1,
            "Siikainen":2,
            "Askola":1,
            "Turku":2
        },
        "occupation":{
            "Accountant  chartered public finance":3,
            "Recruitment consultant":4,
            "Veterinary surgeon":5,
            "Economist":4,
            "Designer  blown glass\/stained glass":3,
            "Civil Service administrator":5,
            "Fitness centre manager":2,
            "Microbiologist":2,
            "Music tutor":2,
            "Civil engineer  consulting":2,
            "Psychologist  sport and exercise":3,
            "Technical author":4,
            "Animator":2,
            "Research officer  political party":2,
            "Facilities manager":2,
            "Hotel manager":3,
            "Contracting civil engineer":2
        }
    },
    "Atkins":{
        "count":32,
        "age":{
            "45":2,
            "28":3,
            "30":1,
            "62":1,
            "54":1,
            "47":1,
            "55":1,
            "59":2,
            "40":2,
            "50":1,
            "46":1,
            "56":1,
            "61":1,
            "48":1,
            "37":1,
            "60":1,
            "41":2,
            "51":1,
            "35":2,
            "52":1,
            "42":1,
            "23":1,
            "21":2,
            "19":1
        },
        "address":{
            "Haapavesi":2,
            "Kaskinen":3,
            "Siikainen":1,
            "Turku":3,
            "Lumijoki":1,
            "Taivassalo":1,
            "Somero":2,
            "Kurikka":3,
            "Imatra":2,
            "Haapajarvi":2,
            "Askola":2,
            "Pirkkala":2,
            "Kontiolahti":3,
            "Muurame":3,
            "Alavieska":1,
            "Keuruu":1
        },
        "occupation":{
            "Psychologist  sport and exercise":3,
            "Geologist  engineering":4,
            "Animator":2,
            "Research officer  political party":4,
            "Facilities manager":2,
            "Contracting civil engineer":3,
            "Designer  blown glass\/stained glass":4,
            "Veterinary surgeon":1,
            "Therapist  occupational":1,
            "Civil Service administrator":1,
            "Hotel manager":3,
            "Recruitment consultant":1,
            "Economist":1,
            "Civil engineer  consulting":1,
            "Microbiologist":1
        }
    },
    "Mason":{
        "count":34,
        "age":{
            "45":2,
            "19":3,
            "56":1,
            "27":2,
            "29":1,
            "60":1,
            "48":1,
            "49":1,
            "43":2,
            "51":1,
            "28":1,
            "61":1,
            "23":1,
            "34":2,
            "62":2,
            "53":2,
            "41":1,
            "24":1,
            "59":1,
            "33":1,
            "54":1,
            "57":1,
            "36":1,
            "22":1,
            "47":1,
            "39":1
        },
        "address":{
            "Muurame":3,
            "Haapajarvi":4,
            "Siikainen":1,
            "Haapavesi":1,
            "Imatra":1,
            "Loimaa":2,
            "Pelkosenniemi":2,
            "Pirkkala":4,
            "Kaskinen":2,
            "Kontiolahti":3,
            "Turku":2,
            "Kurikka":3,
            "Narpio":1,
            "Lumijoki":2,
            "Taivassalo":2,
            "Somero":1
        },
        "occupation":{
            "Technical author":3,
            "Psychologist  sport and exercise":2,
            "Animator":3,
            "Microbiologist":1,
            "Civil Service administrator":2,
            "Accountant  chartered public finance":4,
            "Hotel manager":2,
            "Contracting civil engineer":1,
            "Fitness centre manager":3,
            "Economist":1,
            "Geologist  engineering":2,
            "Designer  blown glass\/stained glass":3,
            "Recruitment consultant":2,
            "Veterinary surgeon":1,
            "Civil engineer  consulting":1,
            "Music tutor":2,
            "Therapist  occupational":1
        }
    },
    "Smith":{
        "count":41,
        "age":{
            "23":2,
            "62":2,
            "35":3,
            "33":1,
            "54":1,
            "56":3,
            "57":1,
            "48":1,
            "26":2,
            "24":2,
            "63":3,
            "58":1,
            "25":2,
            "38":2,
            "61":1,
            "47":2,
            "52":1,
            "31":1,
            "21":2,
            "51":1,
            "43":1,
            "39":2,
            "32":1,
            "55":1,
            "36":1,
            "27":1
        },
        "address":{
            "Pelkosenniemi":2,
            "Askola":3,
            "Somero":3,
            "Lumijoki":5,
            "Siikainen":5,
            "Alavieska":2,
            "Kontiolahti":3,
            "Kaskinen":3,
            "Kurikka":4,
            "Narpio":2,
            "Muurame":1,
            "Keuruu":1,
            "Haapavesi":2,
            "Haapajarvi":2,
            "Turku":1,
            "Pirkkala":1,
            "Loimaa":1
        },
        "occupation":{
            "Research officer  political party":2,
            "Facilities manager":3,
            "Animator":1,
            "Hotel manager":3,
            "Designer  blown glass\/stained glass":4,
            "Microbiologist":2,
            "Fitness centre manager":1,
            "Veterinary surgeon":2,
            "Music tutor":4,
            "Contracting civil engineer":3,
            "Technical author":6,
            "Recruitment consultant":1,
            "Economist":2,
            "Geologist  engineering":1,
            "Civil Service administrator":3,
            "Accountant  chartered public finance":1,
            "Civil engineer  consulting":2
        }
    },
    "Powell":{
        "count":44,
        "age":{
            "31":1,
            "41":1,
            "51":1,
            "60":2,
            "20":1,
            "22":2,
            "44":2,
            "27":2,
            "19":1,
            "36":2,
            "42":3,
            "59":2,
            "23":1,
            "58":2,
            "43":2,
            "21":1,
            "26":2,
            "55":2,
            "33":2,
            "45":3,
            "46":3,
            "29":1,
            "25":1,
            "35":2,
            "39":1,
            "30":1
        },
        "address":{
            "Pelkosenniemi":5,
            "Siikainen":3,
            "Haapajarvi":2,
            "Loimaa":1,
            "Lumijoki":4,
            "Kontiolahti":4,
            "Turku":4,
            "Pirkkala":4,
            "Keuruu":5,
            "Taivassalo":2,
            "Haapavesi":1,
            "Somero":1,
            "Kurikka":2,
            "Alavieska":1,
            "Muurame":2,
            "Askola":3
        },
        "occupation":{
            "Therapist  occupational":5,
            "Economist":3,
            "Civil engineer  consulting":3,
            "Technical author":1,
            "Designer  blown glass\/stained glass":4,
            "Contracting civil engineer":3,
            "Facilities manager":5,
            "Hotel manager":3,
            "Microbiologist":2,
            "Geologist  engineering":3,
            "Psychologist  sport and exercise":3,
            "Music tutor":1,
            "Accountant  chartered public finance":1,
            "Recruitment consultant":3,
            "Civil Service administrator":2,
            "Veterinary surgeon":2
        }
    },
    "Perry":{
        "count":37,
        "age":{
            "63":1,
            "35":3,
            "39":1,
            "54":2,
            "55":1,
            "53":2,
            "44":1,
            "22":2,
            "28":1,
            "62":1,
            "52":1,
            "57":1,
            "23":2,
            "56":2,
            "38":1,
            "40":1,
            "45":1,
            "41":2,
            "29":1,
            "46":1,
            "30":2,
            "61":1,
            "48":1,
            "51":1,
            "25":1,
            "24":1,
            "32":1,
            "31":1
        },
        "address":{
            "Kontiolahti":4,
            "Kurikka":3,
            "Somero":1,
            "Turku":4,
            "Alavieska":4,
            "Taivassalo":5,
            "Pelkosenniemi":1,
            "Pirkkala":2,
            "Loimaa":1,
            "Imatra":2,
            "Kaskinen":2,
            "Keuruu":1,
            "Siikainen":3,
            "Haapajarvi":1,
            "Muurame":2,
            "Lumijoki":1
        },
        "occupation":{
            "Civil engineer  consulting":2,
            "Technical author":6,
            "Economist":2,
            "Hotel manager":2,
            "Contracting civil engineer":5,
            "Civil Service administrator":3,
            "Therapist  occupational":1,
            "Animator":2,
            "Veterinary surgeon":2,
            "Psychologist  sport and exercise":2,
            "Geologist  engineering":1,
            "Accountant  chartered public finance":2,
            "Recruitment consultant":3,
            "Facilities manager":2,
            "Music tutor":1,
            "Fitness centre manager":1
        }
    },
    "Martin":{
        "count":43,
        "age":{
            "43":3,
            "42":2,
            "23":2,
            "31":3,
            "56":1,
            "39":1,
            "60":2,
            "47":5,
            "46":1,
            "41":1,
            "45":3,
            "32":1,
            "38":1,
            "51":1,
            "33":2,
            "37":1,
            "21":2,
            "35":3,
            "20":1,
            "62":1,
            "24":1,
            "26":2,
            "55":1,
            "53":1,
            "49":1
        },
        "address":{
            "Imatra":4,
            "Pirkkala":3,
            "Siikainen":2,
            "Alavieska":1,
            "Pelkosenniemi":4,
            "Kurikka":4,
            "Turku":3,
            "Somero":1,
            "Haapajarvi":3,
            "Askola":2,
            "Kaskinen":3,
            "Kontiolahti":2,
            "Haapavesi":1,
            "Loimaa":3,
            "Taivassalo":1,
            "Lumijoki":3,
            "Narpio":2,
            "Keuruu":1
        },
        "occupation":{
            "Geologist  engineering":3,
            "Animator":7,
            "Therapist  occupational":4,
            "Facilities manager":3,
            "Technical author":2,
            "Recruitment consultant":5,
            "Accountant  chartered public finance":3,
            "Microbiologist":2,
            "Hotel manager":1,
            "Music tutor":3,
            "Contracting civil engineer":2,
            "Civil engineer  consulting":2,
            "Psychologist  sport and exercise":1,
            "Economist":4,
            "Fitness centre manager":1
        }
    },
    "Berry":{
        "count":39,
        "age":{
            "22":3,
            "44":1,
            "59":3,
            "61":2,
            "62":1,
            "51":2,
            "40":2,
            "46":1,
            "30":1,
            "58":2,
            "20":1,
            "41":1,
            "39":2,
            "42":3,
            "34":2,
            "21":2,
            "60":1,
            "52":1,
            "24":1,
            "26":1,
            "33":1,
            "55":1,
            "43":1,
            "29":1,
            "63":1,
            "49":1
        },
        "address":{
            "Askola":1,
            "Kaskinen":5,
            "Pelkosenniemi":4,
            "Kontiolahti":4,
            "Siikainen":3,
            "Somero":2,
            "Lumijoki":2,
            "Narpio":4,
            "Imatra":2,
            "Pirkkala":2,
            "Keuruu":1,
            "Taivassalo":2,
            "Alavieska":2,
            "Muurame":1,
            "Loimaa":1,
            "Haapajarvi":1,
            "Turku":2
        },
        "occupation":{
            "Psychologist  sport and exercise":3,
            "Designer  blown glass\/stained glass":2,
            "Research officer  political party":3,
            "Contracting civil engineer":4,
            "Veterinary surgeon":5,
            "Facilities manager":3,
            "Therapist  occupational":1,
            "Civil engineer  consulting":3,
            "Geologist  engineering":2,
            "Accountant  chartered public finance":2,
            "Economist":2,
            "Hotel manager":2,
            "Microbiologist":1,
            "Technical author":3,
            "Recruitment consultant":2,
            "Civil Service administrator":1
        }
    },
    "Ramirez":{
        "count":41,
        "age":{
            "56":2,
            "27":1,
            "45":1,
            "21":1,
            "60":2,
            "53":1,
            "52":1,
            "31":1,
            "43":3,
            "32":1,
            "26":2,
            "58":2,
            "28":1,
            "59":2,
            "30":2,
            "40":1,
            "22":1,
            "55":1,
            "25":2,
            "62":1,
            "35":1,
            "29":1,
            "34":2,
            "50":1,
            "33":1,
            "49":2,
            "37":1,
            "23":1,
            "42":1,
            "20":1
        },
        "address":{
            "Askola":4,
            "Somero":2,
            "Narpio":2,
            "Haapajarvi":4,
            "Siikainen":3,
            "Imatra":1,
            "Kaskinen":2,
            "Turku":3,
            "Kontiolahti":4,
            "Muurame":5,
            "Keuruu":1,
            "Loimaa":1,
            "Taivassalo":4,
            "Pirkkala":1,
            "Pelkosenniemi":1,
            "Haapavesi":1,
            "Kurikka":2
        },
        "occupation":{
            "Animator":3,
            "Accountant  chartered public finance":5,
            "Civil Service administrator":4,
            "Veterinary surgeon":3,
            "Economist":3,
            "Contracting civil engineer":5,
            "Technical author":2,
            "Therapist  occupational":3,
            "Designer  blown glass\/stained glass":2,
            "Music tutor":2,
            "Recruitment consultant":4,
            "Research officer  political party":1,
            "Microbiologist":1,
            "Facilities manager":1,
            "Psychologist  sport and exercise":1,
            "Geologist  engineering":1
        }
    }
}