{
    "Trevor Berry":{
        "age":37,
        "address":"Muurame",
        "occupation":"Civil engineer  consulting"
    },
    "David Franklin":{
        "age":56,
        "address":"Haapavesi",
        "occupation":"Fitness centre manager"
    },
    "Michael Smith":{
        "age":28,
        "address":"Loimaa",
        "occupation":"Hotel manager"
    },
    "Erin Jones":{
        "age":24,
        "address":"Alavieska",
        "occupation":"Therapist  occupational"
    },
    "Trevor Franklin":{
        "age":44,
        "address":"Siikainen",
        "occupation":"Technical author"
    },
    "Michelle Campbell":{
        "age":31,
        "address":"Siikainen",
        "occupation":"Veterinary surgeon"
    },
    "Michelle Franklin":{
        "age":63,
        "address":"Loimaa",
        "occupation":"Geologist  engineering"
    },
    "James Martin":{
        "age":48,
        "address":"Pelkosenniemi",
        "occupation":"Technical author"
    },
    "Elizabeth Cline":{
        "age":30,
        "address":"Haapavesi",
        "occupation":"Technical author"
    },
    "Michelle Smith":{
        "age":29,
        "address":"Keuruu",
        "occupation":"Research officer  political party"
    },
    "Tim Perry":{
        "age":33,
        "address":"Haapajarvi",
        "occupation":"Research officer  political party"
    },
    "James Atkins":{
        "age":63,
        "address":"Imatra",
        "occupation":"Designer  blown glass\/stained glass"
    },
    "Wanda Campbell":{
        "age":25,
        "address":"Muurame",
        "occupation":"Accountant  chartered public finance"
    },
    "Brandy Underwood":{
        "age":34,
        "address":"Haapavesi",
        "occupation":"Therapist  occupational"
    },
    "Anna Cline":{
        "age":57,
        "address":"Muurame",
        "occupation":"Recruitment consultant"
    },
    "Michelle Brown":{
        "age":39,
        "address":"Kontiolahti",
        "occupation":"Accountant  chartered public finance"
    },
    "Brandy Combs":{
        "age":42,
        "address":"Somero",
        "occupation":"Therapist  occupational"
    },
    "Jordan Ramirez":{
        "age":26,
        "address":"Keuruu",
        "occupation":"Designer  blown glass\/stained glass"
    },
    "Trevor Johnson":{
        "age":33,
        "address":"Loimaa",
        "occupation":"Hotel manager"
    },
    "Linda Atkins":{
        "age":28,
        "address":"Lumijoki",
        "occupation":"Geologist  engineering"
    },
    "Yolanda Knox":{
        "age":58,
        "address":"Narpio",
        "occupation":"Microbiologist"
    },
    "Rodney Mason":{
        "age":26,
        "address":"Imatra",
        "occupation":"Accountant  chartered public finance"
    },
    "Elizabeth Hughes":{
        "age":42,
        "address":"Narpio",
        "occupation":"Music tutor"
    },
    "James Johnson":{
        "age":34,
        "address":"Kaskinen",
        "occupation":"Recruitment consultant"
    },
    "Tim Mason":{
        "age":28,
        "address":"Lumijoki",
        "occupation":"Therapist  occupational"
    },
    "Rodney Knox":{
        "age":44,
        "address":"Somero",
        "occupation":"Music tutor"
    },
    "Anna Johnson":{
        "age":39,
        "address":"Haapavesi",
        "occupation":"Facilities manager"
    },
    "Victoria Knox":{
        "age":37,
        "address":"Pirkkala",
        "occupation":"Therapist  occupational"
    },
    "Tim Hughes":{
        "age":21,
        "address":"Muurame",
        "occupation":"Economist"
    },
    "Trevor Martin":{
        "age":59,
        "address":"Taivassalo",
        "occupation":"Veterinary surgeon"
    },
    "Brandy Mason":{
        "age":35,
        "address":"Askola",
        "occupation":"Civil engineer  consulting"
    },
    "Johnny Cline":{
        "age":41,
        "address":"Kontiolahti",
        "occupation":"Designer  blown glass\/stained glass"
    },
    "David Combs":{
        "age":53,
        "address":"Kurikka",
        "occupation":"Designer  blown glass\/stained glass"
    },
    "Linda Campbell":{
        "age":37,
        "address":"Pelkosenniemi",
        "occupation":"Hotel manager"
    },
    "Raymond Johnson":{
        "age":20,
        "address":"Askola",
        "occupation":"Animator"
    },
    "Anna Hayes":{
        "age":24,
        "address":"Lumijoki",
        "occupation":"Technical author"
    },
    "Anna Combs":{
        "age":39,
        "address":"Pirkkala",
        "occupation":"Accountant  chartered public finance"
    },
    "Lisa Powell":{
        "age":19,
        "address":"Pelkosenniemi",
        "occupation":"Contracting civil engineer"
    },
    "Wanda Hughes":{
        "age":27,
        "address":"Narpio",
        "occupation":"Psychologist  sport and exercise"
    },
    "Jordan Hughes":{
        "age":58,
        "address":"Pirkkala",
        "occupation":"Geologist  engineering"
    },
    "Linda Underwood":{
        "age":44,
        "address":"Narpio",
        "occupation":"Veterinary surgeon"
    },
    "Michelle Knox":{
        "age":35,
        "address":"Muurame",
        "occupation":"Civil engineer  consulting"
    },
    "Wanda Combs":{
        "age":40,
        "address":"Pelkosenniemi",
        "occupation":"Civil Service administrator"
    },
    "Anna Martin":{
        "age":24,
        "address":"Muurame",
        "occupation":"Civil engineer  consulting"
    },
    "Raymond Perry":{
        "age":50,
        "address":"Loimaa",
        "occupation":"Geologist  engineering"
    },
    "Jordan Perry":{
        "age":61,
        "address":"Lumijoki",
        "occupation":"Veterinary surgeon"
    },
    "David Martin":{
        "age":28,
        "address":"Lumijoki",
        "occupation":"Microbiologist"
    },
    "Jordan Underwood":{
        "age":44,
        "address":"Narpio",
        "occupation":"Technical author"
    },
    "Lisa Knox":{
        "age":61,
        "address":"Muurame",
        "occupation":"Music tutor"
    },
    "Jordan Atkins":{
        "age":53,
        "address":"Taivassalo",
        "occupation":"Accountant  chartered public finance"
    },
    "Rodney Berry":{
        "age":62,
        "address":"Imatra",
        "occupation":"Veterinary surgeon"
    },
    "Anna Perry":{
        "age":36,
        "address":"Alavieska",
        "occupation":"Geologist  engineering"
    },
    "Trevor Cline":{
        "age":33,
        "address":"Haapajarvi",
        "occupation":"Geologist  engineering"
    },
    "Victoria Smith":{
        "age":59,
        "address":"Pirkkala",
        "occupation":"Recruitment consultant"
    },
    "Michael Perry":{
        "age":47,
        "address":"Somero",
        "occupation":"Microbiologist"
    },
    "Tim Martin":{
        "age":24,
        "address":"Narpio",
        "occupation":"Accountant  chartered public finance"
    },
    "Rodney Campbell":{
        "age":55,
        "address":"Haapajarvi",
        "occupation":"Contracting civil engineer"
    },
    "Victoria Johnson":{
        "age":57,
        "address":"Lumijoki",
        "occupation":"Geologist  engineering"
    },
    "Erin Knox":{
        "age":34,
        "address":"Askola",
        "occupation":"Civil engineer  consulting"
    },
    "Victoria Brown":{
        "age":34,
        "address":"Haapavesi",
        "occupation":"Microbiologist"
    },
    "Michelle Ramirez":{
        "age":45,
        "address":"Turku",
        "occupation":"Civil Service administrator"
    },
    "Raymond Mason":{
        "age":41,
        "address":"Lumijoki",
        "occupation":"Music tutor"
    },
    "Anna Jones":{
        "age":30,
        "address":"Kaskinen",
        "occupation":"Microbiologist"
    },
    "Lisa Hayes":{
        "age":48,
        "address":"Kurikka",
        "occupation":"Contracting civil engineer"
    },
    "Trevor Smith":{
        "age":57,
        "address":"Imatra",
        "occupation":"Recruitment consultant"
    },
    "Wanda Cline":{
        "age":25,
        "address":"Kontiolahti",
        "occupation":"Civil Service administrator"
    },
    "James Hughes":{
        "age":27,
        "address":"Lumijoki",
        "occupation":"Civil engineer  consulting"
    },
    "Yolanda Franklin":{
        "age":60,
        "address":"Lumijoki",
        "occupation":"Research officer  political party"
    },
    "Erin Smith":{
        "age":33,
        "address":"Siikainen",
        "occupation":"Civil Service administrator"
    },
    "Rodney Underwood":{
        "age":24,
        "address":"Askola",
        "occupation":"Contracting civil engineer"
    },
    "David Mason":{
        "age":44,
        "address":"Loimaa",
        "occupation":"Accountant  chartered public finance"
    },
    "Tim Underwood":{
        "age":21,
        "address":"Pelkosenniemi",
        "occupation":"Hotel manager"
    },
    "Johnny Franklin":{
        "age":38,
        "address":"Loimaa",
        "occupation":"Therapist  occupational"
    },
    "Yolanda Hughes":{
        "age":53,
        "address":"Loimaa",
        "occupation":"Hotel manager"
    },
    "Tim Hayes":{
        "age":21,
        "address":"Pirkkala",
        "occupation":"Microbiologist"
    },
    "Raymond Atkins":{
        "age":51,
        "address":"Haapajarvi",
        "occupation":"Technical author"
    },
    "Elizabeth Knox":{
        "age":20,
        "address":"Askola",
        "occupation":"Veterinary surgeon"
    },
    "Raymond Jones":{
        "age":27,
        "address":"Imatra",
        "occupation":"Hotel manager"
    },
    "Wanda Johnson":{
        "age":61,
        "address":"Kaskinen",
        "occupation":"Designer  blown glass\/stained glass"
    },
    "Brandy Hayes":{
        "age":28,
        "address":"Pelkosenniemi",
        "occupation":"Facilities manager"
    },
    "Erin Perry":{
        "age":57,
        "address":"Loimaa",
        "occupation":"Civil Service administrator"
    },
    "Lisa Combs":{
        "age":62,
        "address":"Muurame",
        "occupation":"Civil Service administrator"
    },
    "Michelle Hayes":{
        "age":24,
        "address":"Narpio",
        "occupation":"Accountant  chartered public finance"
    },
    "Rodney Hughes":{
        "age":36,
        "address":"Kurikka",
        "occupation":"Designer  blown glass\/stained glass"
    },
    "Lisa Jones":{
        "age":42,
        "address":"Somero",
        "occupation":"Psychologist  sport and exercise"
    },
    "Linda Jones":{
        "age":25,
        "address":"Askola",
        "occupation":"Contracting civil engineer"
    },
    "Carrie Knox":{
        "age":51,
        "address":"Narpio",
        "occupation":"Civil engineer  consulting"
    },
    "Jordan Smith":{
        "age":60,
        "address":"Haapavesi",
        "occupation":"Psychologist  sport and exercise"
    }
}