{
    "Rodney Perry":{
        "age":48,
        "address":"Taivassalo",
        "occupation":"Facilities manager"
    },
    "Johnny Atkins":{
        "age":42,
        "address":"Alavieska",
        "occupation":"Hotel manager"
    },
    "Tim Ramirez":{
        "age":37,
        "address":"Muurame",
        "occupation":"Civil Service administrator"
    },
    "Brandy Cline":{
        "age":33,
        "address":"Loimaa",
        "occupation":"Contracting civil engineer"
    },
    "Carrie Campbell":{
        "age":60,
        "address":"Keuruu",
        "occupation":"Facilities manager"
    },
    "Victoria Underwood":{
        "age":42,
        "address":"Pirkkala",
        "occupation":"Therapist  occupational"
    },
    "David Perry":{
        "age":51,
        "address":"Taivassalo",
        "occupation":"Civil Service administrator"
    },
    "Johnny Johnson":{
        "age":48,
        "address":"Turku",
        "occupation":"Research officer  political party"
    },
    "Erin Brown":{
        "age":53,
        "address":"Siikainen",
        "occupation":"Hotel manager"
    },
    "Raymond Martin":{
        "age":26,
        "address":"Pelkosenniemi",
        "occupation":"Psychologist  sport and exercise"
    },
    "Michael Atkins":{
        "age":23,
        "address":"Keuruu",
        "occupation":"Economist"
    },
    "Brandy Smith":{
        "age":47,
        "address":"Kaskinen",
        "occupation":"Facilities manager"
    },
    "Trevor Atkins":{
        "age":21,
        "address":"Turku",
        "occupation":"Civil engineer  consulting"
    },
    "Wanda Martin":{
        "age":45,
        "address":"Narpio",
        "occupation":"Contracting civil engineer"
    },
    "Jordan Powell":{
        "age":45,
        "address":"Pelkosenniemi",
        "occupation":"Facilities manager"
    },
    "Yolanda Underwood":{
        "age":58,
        "address":"Turku",
        "occupation":"Designer  blown glass\/stained glass"
    },
    "Carrie Underwood":{
        "age":63,
        "address":"Lumijoki",
        "occupation":"Psychologist  sport and exercise"
    },
    "Rodney Atkins":{
        "age":21,
        "address":"Muurame",
        "occupation":"Psychologist  sport and exercise"
    },
    "Johnny Martin":{
        "age":55,
        "address":"Lumijoki",
        "occupation":"Music tutor"
    },
    "Elizabeth Johnson":{
        "age":56,
        "address":"Narpio",
        "occupation":"Designer  blown glass\/stained glass"
    },
    "Jordan Franklin":{
        "age":62,
        "address":"Alavieska",
        "occupation":"Research officer  political party"
    },
    "Lisa Hughes":{
        "age":45,
        "address":"Kontiolahti",
        "occupation":"Technical author"
    },
    "Yolanda Smith":{
        "age":39,
        "address":"Siikainen",
        "occupation":"Contracting civil engineer"
    },
    "Linda Smith":{
        "age":21,
        "address":"Askola",
        "occupation":"Civil Service administrator"
    },
    "Jordan Hayes":{
        "age":31,
        "address":"Muurame",
        "occupation":"Recruitment consultant"
    },
    "Michael Martin":{
        "age":53,
        "address":"Loimaa",
        "occupation":"Technical author"
    },
    "Elizabeth Franklin":{
        "age":61,
        "address":"Siikainen",
        "occupation":"Facilities manager"
    },
    "Erin Powell":{
        "age":29,
        "address":"Pirkkala",
        "occupation":"Contracting civil engineer"
    },
    "Trevor Franklin":{
        "age":45,
        "address":"Imatra",
        "occupation":"Technical author"
    },
    "Yolanda Franklin":{
        "age":48,
        "address":"Keuruu",
        "occupation":"Fitness centre manager"
    },
    "Michelle Jones":{
        "age":35,
        "address":"Keuruu",
        "occupation":"Music tutor"
    },
    "Michelle Cline":{
        "age":38,
        "address":"Pelkosenniemi",
        "occupation":"Accountant  chartered public finance"
    },
    "Erin Franklin":{
        "age":51,
        "address":"Narpio",
        "occupation":"Technical author"
    },
    "Rodney Brown":{
        "age":27,
        "address":"Alavieska",
        "occupation":"Music tutor"
    },
    "Carrie Hughes":{
        "age":57,
        "address":"Taivassalo",
        "occupation":"Economist"
    },
    "Jordan Johnson":{
        "age":32,
        "address":"Pirkkala",
        "occupation":"Accountant  chartered public finance"
    },
    "Brandy Johnson":{
        "age":58,
        "address":"Pirkkala",
        "occupation":"Contracting civil engineer"
    },
    "Rodney Hughes":{
        "age":36,
        "address":"Loimaa",
        "occupation":"Civil Service administrator"
    },
    "Johnny Mason":{
        "age":36,
        "address":"Somero",
        "occupation":"Hotel manager"
    },
    "Yolanda Combs":{
        "age":42,
        "address":"Pirkkala",
        "occupation":"Designer  blown glass\/stained glass"
    },
    "Wanda Hughes":{
        "age":23,
        "address":"Narpio",
        "occupation":"Psychologist  sport and exercise"
    },
    "James Jones":{
        "age":47,
        "address":"Askola",
        "occupation":"Civil Service administrator"
    },
    "Johnny Brown":{
        "age":61,
        "address":"Haapajarvi",
        "occupation":"Contracting civil engineer"
    },
    "Rodney Cline":{
        "age":37,
        "address":"Somero",
        "occupation":"Recruitment consultant"
    },
    "Rodney Knox":{
        "age":49,
        "address":"Kontiolahti",
        "occupation":"Contracting civil engineer"
    },
    "James Ramirez":{
        "age":43,
        "address":"Somero",
        "occupation":"Recruitment consultant"
    },
    "Victoria Hughes":{
        "age":51,
        "address":"Siikainen",
        "occupation":"Psychologist  sport and exercise"
    },
    "Yolanda Johnson":{
        "age":52,
        "address":"Narpio",
        "occupation":"Civil engineer  consulting"
    },
    "Raymond Powell":{
        "age":55,
        "address":"Kurikka",
        "occupation":"Psychologist  sport and exercise"
    },
    "Anna Underwood":{
        "age":50,
        "address":"Somero",
        "occupation":"Civil Service administrator"
    },
    "Johnny Jones":{
        "age":52,
        "address":"Keuruu",
        "occupation":"Accountant  chartered public finance"
    },
    "Johnny Campbell":{
        "age":33,
        "address":"Siikainen",
        "occupation":"Civil Service administrator"
    },
    "Carrie Combs":{
        "age":57,
        "address":"Haapavesi",
        "occupation":"Geologist  engineering"
    },
    "Victoria Franklin":{
        "age":19,
        "address":"Keuruu",
        "occupation":"Music tutor"
    },
    "Brandy Ramirez":{
        "age":49,
        "address":"Taivassalo",
        "occupation":"Accountant  chartered public finance"
    },
    "Anna Powell":{
        "age":27,
        "address":"Pirkkala",
        "occupation":"Facilities manager"
    },
    "Tim Mason":{
        "age":27,
        "address":"Kurikka",
        "occupation":"Fitness centre manager"
    },
    "Erin Smith":{
        "age":27,
        "address":"Lumijoki",
        "occupation":"Civil engineer  consulting"
    },
    "Trevor Knox":{
        "age":35,
        "address":"Muurame",
        "occupation":"Research officer  political party"
    },
    "Victoria Atkins":{
        "age":41,
        "address":"Kontiolahti",
        "occupation":"Hotel manager"
    },
    "James Knox":{
        "age":36,
        "address":"Kontiolahti",
        "occupation":"Fitness centre manager"
    },
    "Anna Berry":{
        "age":39,
        "address":"Haapajarvi",
        "occupation":"Recruitment consultant"
    },
    "Anna Franklin":{
        "age":41,
        "address":"Pirkkala",
        "occupation":"Civil Service administrator"
    },
    "Brandy Jones":{
        "age":56,
        "address":"Loimaa",
        "occupation":"Hotel manager"
    },
    "Anna Knox":{
        "age":61,
        "address":"Pelkosenniemi",
        "occupation":"Microbiologist"
    },
    "Michelle Knox":{
        "age":35,
        "address":"Somero",
        "occupation":"Designer  blown glass\/stained glass"
    },
    "Brandy Berry":{
        "age":34,
        "address":"Narpio",
        "occupation":"Civil Service administrator"
    },
    "Erin Hughes":{
        "age":41,
        "address":"Narpio",
        "occupation":"Recruitment consultant"
    },
    "Erin Johnson":{
        "age":33,
        "address":"Taivassalo",
        "occupation":"Animator"
    },
    "Raymond Mason":{
        "age":22,
        "address":"Taivassalo",
        "occupation":"Accountant  chartered public finance"
    },
    "Johnny Perry":{
        "age":23,
        "address":"Siikainen",
        "occupation":"Recruitment consultant"
    },
    "Tim Hughes":{
        "age":22,
        "address":"Muurame",
        "occupation":"Microbiologist"
    },
    "Tim Johnson":{
        "age":49,
        "address":"Narpio",
        "occupation":"Accountant  chartered public finance"
    },
    "Carrie Martin":{
        "age":35,
        "address":"Imatra",
        "occupation":"Civil engineer  consulting"
    },
    "Elizabeth Brown":{
        "age":20,
        "address":"Somero",
        "occupation":"Therapist  occupational"
    },
    "Elizabeth Powell":{
        "age":33,
        "address":"Turku",
        "occupation":"Civil Service administrator"
    },
    "Anna Hayes":{
        "age":21,
        "address":"Narpio",
        "occupation":"Civil Service administrator"
    },
    "Erin Underwood":{
        "age":50,
        "address":"Narpio",
        "occupation":"Designer  blown glass\/stained glass"
    },
    "Victoria Brown":{
        "age":27,
        "address":"Pirkkala",
        "occupation":"Research officer  political party"
    },
    "Johnny Berry":{
        "age":59,
        "address":"Taivassalo",
        "occupation":"Civil engineer  consulting"
    },
    "Michael Knox":{
        "age":42,
        "address":"Siikainen",
        "occupation":"Economist"
    },
    "Erin Campbell":{
        "age":26,
        "address":"Kontiolahti",
        "occupation":"Therapist  occupational"
    }
}