{
    "Victoria Perry":{
        "age":25,
        "address":"Kaskinen",
        "occupation":"Contracting civil engineer"
    },
    "Michelle Johnson":{
        "age":37,
        "address":"Keuruu",
        "occupation":"Music tutor"
    },
    "Wanda Franklin":{
        "age":56,
        "address":"Loimaa",
        "occupation":"Veterinary surgeon"
    },
    "Wanda Campbell":{
        "age":49,
        "address":"Pirkkala",
        "occupation":"Research officer  political party"
    },
    "Brandy Martin":{
        "age":60,
        "address":"Imatra",
        "occupation":"Economist"
    },
    "Jordan Franklin":{
        "age":21,
        "address":"Askola",
        "occupation":"Fitness centre manager"
    },
    "Erin Perry":{
        "age":41,
        "address":"Muurame",
        "occupation":"Music tutor"
    },
    "Michelle Berry":{
        "age":29,
        "address":"Siikainen",
        "occupation":"Technical author"
    },
    "Victoria Underwood":{
        "age":36,
        "address":"Imatra",
        "occupation":"Economist"
    },
    "Victoria Brown":{
        "age":49,
        "address":"Askola",
        "occupation":"Veterinary surgeon"
    },
    "Elizabeth Underwood":{
        "age":33,
        "address":"Alavieska",
        "occupation":"Facilities manager"
    },
    "Michelle Hughes":{
        "age":38,
        "address":"Kontiolahti",
        "occupation":"Designer  blown glass\/stained glass"
    },
    "Johnny Perry":{
        "age":24,
        "address":"Lumijoki",
        "occupation":"Contracting civil engineer"
    },
    "Carrie Perry":{
        "age":32,
        "address":"Taivassalo",
        "occupation":"Economist"
    },
    "Brandy Perry":{
        "age":31,
        "address":"Alavieska",
        "occupation":"Fitness centre manager"
    },
    "Carrie Mason":{
        "age":34,
        "address":"Kurikka",
        "occupation":"Geologist  engineering"
    },
    "Elizabeth Martin":{
        "age":26,
        "address":"Keuruu",
        "occupation":"Fitness centre manager"
    },
    "Rodney Campbell":{
        "age":37,
        "address":"Siikainen",
        "occupation":"Economist"
    },
    "Anna Franklin":{
        "age":53,
        "address":"Narpio",
        "occupation":"Accountant  chartered public finance"
    },
    "Elizabeth Combs":{
        "age":40,
        "address":"Keuruu",
        "occupation":"Animator"
    },
    "Elizabeth Johnson":{
        "age":37,
        "address":"Kurikka",
        "occupation":"Facilities manager"
    },
    "Tim Combs":{
        "age":31,
        "address":"Haapajarvi",
        "occupation":"Microbiologist"
    },
    "James Powell":{
        "age":46,
        "address":"Keuruu",
        "occupation":"Therapist  occupational"
    },
    "Anna Berry":{
        "age":22,
        "address":"Turku",
        "occupation":"Veterinary surgeon"
    },
    "Yolanda Powell":{
        "age":25,
        "address":"Keuruu",
        "occupation":"Veterinary surgeon"
    },
    "Erin Powell":{
        "age":22,
        "address":"Askola",
        "occupation":"Economist"
    },
    "Jordan Ramirez":{
        "age":23,
        "address":"Taivassalo",
        "occupation":"Contracting civil engineer"
    },
    "Michael Martin":{
        "age":49,
        "address":"Kaskinen",
        "occupation":"Economist"
    },
    "Jordan Perry":{
        "age":30,
        "address":"Muurame",
        "occupation":"Civil Service administrator"
    },
    "Tim Knox":{
        "age":24,
        "address":"Turku",
        "occupation":"Recruitment consultant"
    },
    "Jordan Brown":{
        "age":35,
        "address":"Alavieska",
        "occupation":"Music tutor"
    },
    "Elizabeth Hayes":{
        "age":57,
        "address":"Haapajarvi",
        "occupation":"Hotel manager"
    },
    "Raymond Martin":{
        "age":31,
        "address":"Turku",
        "occupation":"Economist"
    },
    "Trevor Ramirez":{
        "age":43,
        "address":"Pelkosenniemi",
        "occupation":"Recruitment consultant"
    },
    "Tim Ramirez":{
        "age":34,
        "address":"Haapavesi",
        "occupation":"Recruitment consultant"
    },
    "Lisa Underwood":{
        "age":31,
        "address":"Turku",
        "occupation":"Psychologist  sport and exercise"
    },
    "Rodney Hughes":{
        "age":36,
        "address":"Keuruu",
        "occupation":"Veterinary surgeon"
    },
    "Erin Johnson":{
        "age":19,
        "address":"Siikainen",
        "occupation":"Psychologist  sport and exercise"
    },
    "Rodney Powell":{
        "age":35,
        "address":"Askola",
        "occupation":"Recruitment consultant"
    },
    "David Brown":{
        "age":29,
        "address":"Narpio",
        "occupation":"Contracting civil engineer"
    },
    "Lisa Jones":{
        "age":24,
        "address":"Keuruu",
        "occupation":"Recruitment consultant"
    },
    "Erin Combs":{
        "age":28,
        "address":"Narpio",
        "occupation":"Accountant  chartered public finance"
    },
    "Elizabeth Cline":{
        "age":19,
        "address":"Haapajarvi",
        "occupation":"Contracting civil engineer"
    },
    "David Hughes":{
        "age":24,
        "address":"Somero",
        "occupation":"Accountant  chartered public finance"
    },
    "Michael Jones":{
        "age":45,
        "address":"Somero",
        "occupation":"Psychologist  sport and exercise"
    },
    "Wanda Powell":{
        "age":39,
        "address":"Haapajarvi",
        "occupation":"Veterinary surgeon"
    },
    "Linda Underwood":{
        "age":23,
        "address":"Haapajarvi",
        "occupation":"Designer  blown glass\/stained glass"
    },
    "Victoria Smith":{
        "age":56,
        "address":"Loimaa",
        "occupation":"Civil Service administrator"
    },
    "Elizabeth Campbell":{
        "age":28,
        "address":"Siikainen",
        "occupation":"Facilities manager"
    },
    "Tim Cline":{
        "age":45,
        "address":"Loimaa",
        "occupation":"Designer  blown glass\/stained glass"
    },
    "Lisa Mason":{
        "age":19,
        "address":"Lumijoki",
        "occupation":"Animator"
    },
    "Michael Powell":{
        "age":43,
        "address":"Lumijoki",
        "occupation":"Designer  blown glass\/stained glass"
    },
    "Carrie Berry":{
        "age":63,
        "address":"Alavieska",
        "occupation":"Recruitment consultant"
    },
    "Tim Jones":{
        "age":61,
        "address":"Haapajarvi",
        "occupation":"Designer  blown glass\/stained glass"
    },
    "Anna Mason":{
        "age":43,
        "address":"Pelkosenniemi",
        "occupation":"Designer  blown glass\/stained glass"
    },
    "Johnny Johnson":{
        "age":19,
        "address":"Siikainen",
        "occupation":"Geologist  engineering"
    },
    "Victoria Berry":{
        "age":49,
        "address":"Turku",
        "occupation":"Research officer  political party"
    },
    "Brandy Mason":{
        "age":47,
        "address":"Kaskinen",
        "occupation":"Accountant  chartered public finance"
    },
    "James Underwood":{
        "age":50,
        "address":"Keuruu",
        "occupation":"Fitness centre manager"
    },
    "Brandy Hughes":{
        "age":24,
        "address":"Taivassalo",
        "occupation":"Research officer  political party"
    },
    "David Jones":{
        "age":48,
        "address":"Kurikka",
        "occupation":"Animator"
    },
    "Lisa Ramirez":{
        "age":42,
        "address":"Kurikka",
        "occupation":"Therapist  occupational"
    },
    "Anna Hughes":{
        "age":37,
        "address":"Siikainen",
        "occupation":"Accountant  chartered public finance"
    },
    "Michael Knox":{
        "age":52,
        "address":"Haapajarvi",
        "occupation":"Hotel manager"
    },
    "Erin Ramirez":{
        "age":30,
        "address":"Kurikka",
        "occupation":"Music tutor"
    },
    "Raymond Smith":{
        "age":38,
        "address":"Kurikka",
        "occupation":"Civil engineer  consulting"
    },
    "Trevor Cline":{
        "age":25,
        "address":"Siikainen",
        "occupation":"Designer  blown glass\/stained glass"
    },
    "Michelle Smith":{
        "age":26,
        "address":"Haapavesi",
        "occupation":"Technical author"
    },
    "Erin Hayes":{
        "age":31,
        "address":"Haapavesi",
        "occupation":"Technical author"
    },
    "Anna Ramirez":{
        "age":20,
        "address":"Turku",
        "occupation":"Accountant  chartered public finance"
    },
    "Raymond Berry":{
        "age":61,
        "address":"Kontiolahti",
        "occupation":"Technical author"
    },
    "Tim Martin":{
        "age":43,
        "address":"Kontiolahti",
        "occupation":"Economist"
    },
    "Carrie Smith":{
        "age":63,
        "address":"Askola",
        "occupation":"Music tutor"
    },
    "Wanda Mason":{
        "age":39,
        "address":"Pirkkala",
        "occupation":"Technical author"
    },
    "Carrie Franklin":{
        "age":57,
        "address":"Haapajarvi",
        "occupation":"Microbiologist"
    },
    "Anna Johnson":{
        "age":43,
        "address":"Pirkkala",
        "occupation":"Music tutor"
    },
    "Erin Jones":{
        "age":31,
        "address":"Alavieska",
        "occupation":"Contracting civil engineer"
    },
    "Carrie Powell":{
        "age":35,
        "address":"Askola",
        "occupation":"Recruitment consultant"
    },
    "Johnny Hughes":{
        "age":41,
        "address":"Askola",
        "occupation":"Hotel manager"
    },
    "Michelle Powell":{
        "age":30,
        "address":"Muurame",
        "occupation":"Hotel manager"
    },
    "Michael Hughes":{
        "age":33,
        "address":"Kaskinen",
        "occupation":"Civil engineer  consulting"
    },
    "Trevor Atkins":{
        "age":19,
        "address":"Kaskinen",
        "occupation":"Microbiologist"
    },
    "Brandy Jones":{
        "age":47,
        "address":"Alavieska",
        "occupation":"Geologist  engineering"
    },
    "Linda Cline":{
        "age":31,
        "address":"Somero",
        "occupation":"Research officer  political party"
    },
    "Rodney Combs":{
        "age":58,
        "address":"Turku",
        "occupation":"Hotel manager"
    },
    "Linda Knox":{
        "age":48,
        "address":"Muurame",
        "occupation":"Technical author"
    },
    "Trevor Combs":{
        "age":42,
        "address":"Pirkkala",
        "occupation":"Accountant  chartered public finance"
    },
    "Jordan Cline":{
        "age":25,
        "address":"Somero",
        "occupation":"Facilities manager"
    },
    "Raymond Hughes":{
        "age":57,
        "address":"Turku",
        "occupation":"Facilities manager"
    },
    "Anna Underwood":{
        "age":44,
        "address":"Haapajarvi",
        "occupation":"Technical author"
    },
    "David Combs":{
        "age":31,
        "address":"Loimaa",
        "occupation":"Veterinary surgeon"
    },
    "Yolanda Hayes":{
        "age":43,
        "address":"Loimaa",
        "occupation":"Recruitment consultant"
    },
    "Rodney Jones":{
        "age":57,
        "address":"Somero",
        "occupation":"Music tutor"
    },
    "Linda Franklin":{
        "age":44,
        "address":"Keuruu",
        "occupation":"Therapist  occupational"
    }
}