{
    "Michael Campbell":{
        "age":57,
        "address":"Imatra",
        "occupation":"Accountant  chartered public finance"
    },
    "Anna Combs":{
        "age":35,
        "address":"Lumijoki",
        "occupation":"Animator"
    },
    "Victoria Ramirez":{
        "age":33,
        "address":"Haapajarvi",
        "occupation":"Civil Service administrator"
    },
    "Linda Franklin":{
        "age":37,
        "address":"Taivassalo",
        "occupation":"Accountant  chartered public finance"
    },
    "Carrie Atkins":{
        "age":52,
        "address":"Kontiolahti",
        "occupation":"Research officer  political party"
    },
    "Raymond Hughes":{
        "age":60,
        "address":"Kurikka",
        "occupation":"Civil engineer  consulting"
    },
    "Jordan Knox":{
        "age":43,
        "address":"Kontiolahti",
        "occupation":"Economist"
    },
    "Tim Cline":{
        "age":32,
        "address":"Haapavesi",
        "occupation":"Animator"
    },
    "James Jones":{
        "age":22,
        "address":"Kaskinen",
        "occupation":"Technical author"
    },
    "David Smith":{
        "age":55,
        "address":"Lumijoki",
        "occupation":"Economist"
    },
    "Michael Hughes":{
        "age":41,
        "address":"Pelkosenniemi",
        "occupation":"Civil engineer  consulting"
    },
    "Tim Johnson":{
        "age":60,
        "address":"Keuruu",
        "occupation":"Economist"
    },
    "Erin Powell":{
        "age":46,
        "address":"Keuruu",
        "occupation":"Therapist  occupational"
    },
    "Erin Brown":{
        "age":42,
        "address":"Somero",
        "occupation":"Microbiologist"
    },
    "Jordan Underwood":{
        "age":25,
        "address":"Pelkosenniemi",
        "occupation":"Designer  blown glass\/stained glass"
    },
    "Elizabeth Knox":{
        "age":41,
        "address":"Askola",
        "occupation":"Designer  blown glass\/stained glass"
    },
    "Trevor Brown":{
        "age":51,
        "address":"Kaskinen",
        "occupation":"Veterinary surgeon"
    },
    "Wanda Ramirez":{
        "age":26,
        "address":"Taivassalo",
        "occupation":"Designer  blown glass\/stained glass"
    },
    "Jordan Johnson":{
        "age":58,
        "address":"Siikainen",
        "occupation":"Veterinary surgeon"
    },
    "David Knox":{
        "age":32,
        "address":"Taivassalo",
        "occupation":"Recruitment consultant"
    },
    "Brandy Hughes":{
        "age":49,
        "address":"Turku",
        "occupation":"Economist"
    },
    "Trevor Perry":{
        "age":41,
        "address":"Pirkkala",
        "occupation":"Hotel manager"
    },
    "James Campbell":{
        "age":53,
        "address":"Haapajarvi",
        "occupation":"Civil Service administrator"
    },
    "Wanda Mason":{
        "age":19,
        "address":"Haapajarvi",
        "occupation":"Recruitment consultant"
    },
    "David Hayes":{
        "age":42,
        "address":"Kaskinen",
        "occupation":"Technical author"
    },
    "Erin Hayes":{
        "age":39,
        "address":"Turku",
        "occupation":"Recruitment consultant"
    },
    "Victoria Combs":{
        "age":61,
        "address":"Siikainen",
        "occupation":"Veterinary surgeon"
    },
    "Yolanda Combs":{
        "age":52,
        "address":"Imatra",
        "occupation":"Research officer  political party"
    },
    "Jordan Perry":{
        "age":56,
        "address":"Alavieska",
        "occupation":"Veterinary surgeon"
    },
    "James Hughes":{
        "age":32,
        "address":"Lumijoki",
        "occupation":"Therapist  occupational"
    },
    "Michelle Brown":{
        "age":28,
        "address":"Pirkkala",
        "occupation":"Research officer  political party"
    },
    "Jordan Brown":{
        "age":30,
        "address":"Turku",
        "occupation":"Technical author"
    },
    "Brandy Hayes":{
        "age":57,
        "address":"Kurikka",
        "occupation":"Research officer  political party"
    },
    "Yolanda Berry":{
        "age":33,
        "address":"Kontiolahti",
        "occupation":"Psychologist  sport and exercise"
    },
    "Erin Combs":{
        "age":53,
        "address":"Alavieska",
        "occupation":"Music tutor"
    },
    "Lisa Hughes":{
        "age":41,
        "address":"Kurikka",
        "occupation":"Civil Service administrator"
    },
    "Lisa Berry":{
        "age":55,
        "address":"Kaskinen",
        "occupation":"Veterinary surgeon"
    },
    "Wanda Perry":{
        "age":29,
        "address":"Turku",
        "occupation":"Accountant  chartered public finance"
    },
    "Erin Martin":{
        "age":47,
        "address":"Kurikka",
        "occupation":"Accountant  chartered public finance"
    },
    "Brandy Perry":{
        "age":46,
        "address":"Siikainen",
        "occupation":"Recruitment consultant"
    },
    "Anna Jones":{
        "age":26,
        "address":"Keuruu",
        "occupation":"Facilities manager"
    },
    "Victoria Cline":{
        "age":48,
        "address":"Taivassalo",
        "occupation":"Contracting civil engineer"
    },
    "Anna Campbell":{
        "age":55,
        "address":"Pelkosenniemi",
        "occupation":"Fitness centre manager"
    },
    "David Campbell":{
        "age":35,
        "address":"Somero",
        "occupation":"Hotel manager"
    },
    "Carrie Berry":{
        "age":43,
        "address":"Muurame",
        "occupation":"Civil engineer  consulting"
    },
    "Lisa Perry":{
        "age":30,
        "address":"Haapajarvi",
        "occupation":"Technical author"
    },
    "James Martin":{
        "age":21,
        "address":"Loimaa",
        "occupation":"Animator"
    },
    "Lisa Jones":{
        "age":33,
        "address":"Imatra",
        "occupation":"Psychologist  sport and exercise"
    },
    "David Brown":{
        "age":23,
        "address":"Turku",
        "occupation":"Animator"
    },
    "Jordan Ramirez":{
        "age":49,
        "address":"Pirkkala",
        "occupation":"Accountant  chartered public finance"
    },
    "Anna Berry":{
        "age":58,
        "address":"Loimaa",
        "occupation":"Geologist  engineering"
    },
    "Johnny Knox":{
        "age":40,
        "address":"Pirkkala",
        "occupation":"Civil Service administrator"
    },
    "Carrie Underwood":{
        "age":62,
        "address":"Haapajarvi",
        "occupation":"Civil Service administrator"
    },
    "Michelle Knox":{
        "age":46,
        "address":"Kurikka",
        "occupation":"Contracting civil engineer"
    },
    "Raymond Franklin":{
        "age":21,
        "address":"Pirkkala",
        "occupation":"Designer  blown glass\/stained glass"
    },
    "Rodney Johnson":{
        "age":36,
        "address":"Taivassalo",
        "occupation":"Economist"
    },
    "Yolanda Campbell":{
        "age":30,
        "address":"Muurame",
        "occupation":"Veterinary surgeon"
    },
    "James Johnson":{
        "age":62,
        "address":"Keuruu",
        "occupation":"Recruitment consultant"
    },
    "Rodney Combs":{
        "age":27,
        "address":"Alavieska",
        "occupation":"Hotel manager"
    },
    "Trevor Atkins":{
        "age":35,
        "address":"Muurame",
        "occupation":"Psychologist  sport and exercise"
    },
    "Johnny Johnson":{
        "age":40,
        "address":"Siikainen",
        "occupation":"Technical author"
    },
    "Brandy Campbell":{
        "age":51,
        "address":"Haapajarvi",
        "occupation":"Research officer  political party"
    },
    "James Powell":{
        "age":26,
        "address":"Kontiolahti",
        "occupation":"Civil Service administrator"
    },
    "Anna Hayes":{
        "age":52,
        "address":"Kaskinen",
        "occupation":"Hotel manager"
    },
    "Carrie Brown":{
        "age":29,
        "address":"Narpio",
        "occupation":"Designer  blown glass\/stained glass"
    },
    "Carrie Smith":{
        "age":56,
        "address":"Somero",
        "occupation":"Microbiologist"
    },
    "Carrie Powell":{
        "age":42,
        "address":"Siikainen",
        "occupation":"Designer  blown glass\/stained glass"
    },
    "Linda Smith":{
        "age":35,
        "address":"Turku",
        "occupation":"Accountant  chartered public finance"
    },
    "Michael Johnson":{
        "age":60,
        "address":"Pelkosenniemi",
        "occupation":"Designer  blown glass\/stained glass"
    },
    "Trevor Knox":{
        "age":51,
        "address":"Kontiolahti",
        "occupation":"Accountant  chartered public finance"
    },
    "Michael Knox":{
        "age":52,
        "address":"Kurikka",
        "occupation":"Civil engineer  consulting"
    },
    "Elizabeth Smith":{
        "age":36,
        "address":"Pirkkala",
        "occupation":"Contracting civil engineer"
    },
    "Victoria Martin":{
        "age":42,
        "address":"Kurikka",
        "occupation":"Facilities manager"
    },
    "Victoria Knox":{
        "age":41,
        "address":"Turku",
        "occupation":"Civil Service administrator"
    },
    "Tim Mason":{
        "age":53,
        "address":"Pirkkala",
        "occupation":"Music tutor"
    },
    "Michelle Jones":{
        "age":55,
        "address":"Narpio",
        "occupation":"Economist"
    },
    "Elizabeth Perry":{
        "age":22,
        "address":"Siikainen",
        "occupation":"Civil engineer  consulting"
    },
    "Lisa Brown":{
        "age":36,
        "address":"Kurikka",
        "occupation":"Contracting civil engineer"
    },
    "Raymond Perry":{
        "age":61,
        "address":"Kurikka",
        "occupation":"Facilities manager"
    },
    "Jordan Franklin":{
        "age":29,
        "address":"Kurikka",
        "occupation":"Microbiologist"
    },
    "Brandy Cline":{
        "age":50,
        "address":"Loimaa",
        "occupation":"Animator"
    },
    "Johnny Hughes":{
        "age":44,
        "address":"Kaskinen",
        "occupation":"Music tutor"
    },
    "Elizabeth Ramirez":{
        "age":25,
        "address":"Siikainen",
        "occupation":"Animator"
    },
    "Elizabeth Brown":{
        "age":58,
        "address":"Taivassalo",
        "occupation":"Veterinary surgeon"
    },
    "Brandy Combs":{
        "age":59,
        "address":"Loimaa",
        "occupation":"Research officer  political party"
    }
}