{
    "Anna Franklin":{
        "age":36,
        "address":"Keuruu",
        "occupation":"Facilities manager"
    },
    "Jordan Knox":{
        "age":19,
        "address":"Haapavesi",
        "occupation":"Microbiologist"
    },
    "David Johnson":{
        "age":63,
        "address":"Alavieska",
        "occupation":"Microbiologist"
    },
    "Victoria Cline":{
        "age":50,
        "address":"Taivassalo",
        "occupation":"Accountant  chartered public finance"
    },
    "Anna Brown":{
        "age":19,
        "address":"Turku",
        "occupation":"Facilities manager"
    },
    "Wanda Brown":{
        "age":59,
        "address":"Somero",
        "occupation":"Veterinary surgeon"
    },
    "Michelle Underwood":{
        "age":56,
        "address":"Siikainen",
        "occupation":"Accountant  chartered public finance"
    },
    "Erin Perry":{
        "age":53,
        "address":"Pirkkala",
        "occupation":"Therapist  occupational"
    },
    "Erin Combs":{
        "age":24,
        "address":"Haapajarvi",
        "occupation":"Research officer  political party"
    },
    "Yolanda Hughes":{
        "age":42,
        "address":"Turku",
        "occupation":"Economist"
    },
    "Jordan Underwood":{
        "age":62,
        "address":"Haapajarvi",
        "occupation":"Civil engineer  consulting"
    },
    "Carrie Combs":{
        "age":28,
        "address":"Taivassalo",
        "occupation":"Hotel manager"
    },
    "Raymond Brown":{
        "age":63,
        "address":"Kaskinen",
        "occupation":"Facilities manager"
    },
    "Trevor Powell":{
        "age":36,
        "address":"Keuruu",
        "occupation":"Microbiologist"
    },
    "Jordan Brown":{
        "age":32,
        "address":"Pirkkala",
        "occupation":"Technical author"
    },
    "Wanda Cline":{
        "age":30,
        "address":"Haapajarvi",
        "occupation":"Fitness centre manager"
    },
    "Jordan Atkins":{
        "age":54,
        "address":"Taivassalo",
        "occupation":"Facilities manager"
    },
    "Raymond Martin":{
        "age":45,
        "address":"Haapajarvi",
        "occupation":"Microbiologist"
    },
    "David Franklin":{
        "age":44,
        "address":"Muurame",
        "occupation":"Contracting civil engineer"
    },
    "Michelle Mason":{
        "age":48,
        "address":"Pelkosenniemi",
        "occupation":"Civil Service administrator"
    },
    "Jordan Powell":{
        "age":36,
        "address":"Keuruu",
        "occupation":"Geologist  engineering"
    },
    "Jordan Cline":{
        "age":41,
        "address":"Kontiolahti",
        "occupation":"Geologist  engineering"
    },
    "Michael Franklin":{
        "age":63,
        "address":"Siikainen",
        "occupation":"Civil engineer  consulting"
    },
    "Carrie Campbell":{
        "age":49,
        "address":"Muurame",
        "occupation":"Facilities manager"
    },
    "Michael Powell":{
        "age":42,
        "address":"Taivassalo",
        "occupation":"Hotel manager"
    },
    "Brandy Mason":{
        "age":49,
        "address":"Pirkkala",
        "occupation":"Hotel manager"
    },
    "Wanda Perry":{
        "age":44,
        "address":"Loimaa",
        "occupation":"Animator"
    },
    "Carrie Smith":{
        "age":26,
        "address":"Kurikka",
        "occupation":"Fitness centre manager"
    },
    "Yolanda Powell":{
        "age":44,
        "address":"Kontiolahti",
        "occupation":"Psychologist  sport and exercise"
    },
    "Carrie Ramirez":{
        "age":43,
        "address":"Haapajarvi",
        "occupation":"Therapist  occupational"
    },
    "Anna Knox":{
        "age":61,
        "address":"Pirkkala",
        "occupation":"Music tutor"
    },
    "Tim Franklin":{
        "age":39,
        "address":"Narpio",
        "occupation":"Hotel manager"
    },
    "Johnny Hayes":{
        "age":35,
        "address":"Alavieska",
        "occupation":"Hotel manager"
    },
    "Elizabeth Powell":{
        "age":59,
        "address":"Lumijoki",
        "occupation":"Geologist  engineering"
    },
    "Tim Atkins":{
        "age":47,
        "address":"Somero",
        "occupation":"Contracting civil engineer"
    },
    "Tim Johnson":{
        "age":21,
        "address":"Loimaa",
        "occupation":"Therapist  occupational"
    },
    "Michael Martin":{
        "age":32,
        "address":"Haapajarvi",
        "occupation":"Hotel manager"
    },
    "Raymond Perry":{
        "age":22,
        "address":"Kontiolahti",
        "occupation":"Veterinary surgeon"
    },
    "Brandy Smith":{
        "age":24,
        "address":"Kurikka",
        "occupation":"Veterinary surgeon"
    },
    "Elizabeth Brown":{
        "age":62,
        "address":"Alavieska",
        "occupation":"Recruitment consultant"
    },
    "Linda Smith":{
        "age":35,
        "address":"Narpio",
        "occupation":"Designer  blown glass\/stained glass"
    },
    "Brandy Underwood":{
        "age":48,
        "address":"Loimaa",
        "occupation":"Civil Service administrator"
    },
    "Raymond Underwood":{
        "age":20,
        "address":"Haapavesi",
        "occupation":"Accountant  chartered public finance"
    },
    "Elizabeth Perry":{
        "age":28,
        "address":"Kontiolahti",
        "occupation":"Contracting civil engineer"
    },
    "Rodney Brown":{
        "age":36,
        "address":"Pirkkala",
        "occupation":"Veterinary surgeon"
    },
    "Yolanda Hayes":{
        "age":63,
        "address":"Imatra",
        "occupation":"Civil Service administrator"
    },
    "Wanda Smith":{
        "age":63,
        "address":"Pelkosenniemi",
        "occupation":"Music tutor"
    },
    "Brandy Berry":{
        "age":46,
        "address":"Lumijoki",
        "occupation":"Therapist  occupational"
    },
    "Rodney Franklin":{
        "age":24,
        "address":"Imatra",
        "occupation":"Therapist  occupational"
    },
    "James Franklin":{
        "age":36,
        "address":"Pelkosenniemi",
        "occupation":"Economist"
    },
    "Raymond Knox":{
        "age":50,
        "address":"Kaskinen",
        "occupation":"Veterinary surgeon"
    },
    "Johnny Brown":{
        "age":48,
        "address":"Narpio",
        "occupation":"Contracting civil engineer"
    },
    "Michelle Johnson":{
        "age":53,
        "address":"Kaskinen",
        "occupation":"Veterinary surgeon"
    },
    "Brandy Franklin":{
        "age":25,
        "address":"Lumijoki",
        "occupation":"Civil Service administrator"
    },
    "Michelle Campbell":{
        "age":19,
        "address":"Taivassalo",
        "occupation":"Geologist  engineering"
    },
    "Lisa Atkins":{
        "age":55,
        "address":"Kurikka",
        "occupation":"Designer  blown glass\/stained glass"
    },
    "Lisa Cline":{
        "age":26,
        "address":"Siikainen",
        "occupation":"Civil Service administrator"
    },
    "Victoria Perry":{
        "age":62,
        "address":"Kurikka",
        "occupation":"Technical author"
    },
    "Jordan Combs":{
        "age":52,
        "address":"Pirkkala",
        "occupation":"Therapist  occupational"
    },
    "Linda Mason":{
        "age":43,
        "address":"Kaskinen",
        "occupation":"Contracting civil engineer"
    },
    "Jordan Ramirez":{
        "age":32,
        "address":"Kontiolahti",
        "occupation":"Veterinary surgeon"
    },
    "Raymond Hayes":{
        "age":43,
        "address":"Somero",
        "occupation":"Hotel manager"
    },
    "Elizabeth Johnson":{
        "age":20,
        "address":"Imatra",
        "occupation":"Fitness centre manager"
    },
    "Elizabeth Combs":{
        "age":48,
        "address":"Loimaa",
        "occupation":"Recruitment consultant"
    },
    "Carrie Mason":{
        "age":51,
        "address":"Kontiolahti",
        "occupation":"Fitness centre manager"
    },
    "Michelle Brown":{
        "age":47,
        "address":"Kaskinen",
        "occupation":"Veterinary surgeon"
    },
    "Erin Mason":{
        "age":28,
        "address":"Kontiolahti",
        "occupation":"Fitness centre manager"
    },
    "James Johnson":{
        "age":28,
        "address":"Kontiolahti",
        "occupation":"Psychologist  sport and exercise"
    },
    "Victoria Atkins":{
        "age":59,
        "address":"Somero",
        "occupation":"Veterinary surgeon"
    },
    "Linda Combs":{
        "age":44,
        "address":"Imatra",
        "occupation":"Civil engineer  consulting"
    },
    "James Martin":{
        "age":38,
        "address":"Askola",
        "occupation":"Animator"
    },
    "Anna Martin":{
        "age":51,
        "address":"Kaskinen",
        "occupation":"Geologist  engineering"
    },
    "Rodney Ramirez":{
        "age":26,
        "address":"Muurame",
        "occupation":"Contracting civil engineer"
    },
    "Trevor Smith":{
        "age":58,
        "address":"Kurikka",
        "occupation":"Contracting civil engineer"
    },
    "Michelle Cline":{
        "age":37,
        "address":"Haapajarvi",
        "occupation":"Economist"
    },
    "Johnny Hughes":{
        "age":22,
        "address":"Pelkosenniemi",
        "occupation":"Microbiologist"
    },
    "Erin Hayes":{
        "age":63,
        "address":"Kaskinen",
        "occupation":"Accountant  chartered public finance"
    },
    "Johnny Berry":{
        "age":30,
        "address":"Narpio",
        "occupation":"Research officer  political party"
    },
    "Trevor Johnson":{
        "age":52,
        "address":"Haapavesi",
        "occupation":"Technical author"
    },
    "Johnny Ramirez":{
        "age":58,
        "address":"Narpio",
        "occupation":"Economist"
    },
    "Wanda Martin":{
        "age":33,
        "address":"Kontiolahti",
        "occupation":"Recruitment consultant"
    },
    "Elizabeth Mason":{
        "age":61,
        "address":"Turku",
        "occupation":"Economist"
    },
    "Michelle Powell":{
        "age":23,
        "address":"Haapavesi",
        "occupation":"Music tutor"
    },
    "Linda Cline":{
        "age":46,
        "address":"Turku",
        "occupation":"Civil Service administrator"
    },
    "Trevor Combs":{
        "age":46,
        "address":"Lumijoki",
        "occupation":"Geologist  engineering"
    },
    "Brandy Combs":{
        "age":41,
        "address":"Pelkosenniemi",
        "occupation":"Economist"
    },
    "Tim Jones":{
        "age":25,
        "address":"Askola",
        "occupation":"Designer  blown glass\/stained glass"
    },
    "Michelle Atkins":{
        "age":40,
        "address":"Imatra",
        "occupation":"Geologist  engineering"
    },
    "Lisa Mason":{
        "age":23,
        "address":"Muurame",
        "occupation":"Geologist  engineering"
    }
}