{
    "Linda Hughes":{
        "age":41,
        "address":"Haapavesi",
        "occupation":"Geologist  engineering"
    },
    "Trevor Hayes":{
        "age":27,
        "address":"Turku",
        "occupation":"Music tutor"
    },
    "Elizabeth Atkins":{
        "age":62,
        "address":"Lumijoki",
        "occupation":"Animator"
    },
    "Anna Ramirez":{
        "age":21,
        "address":"Haapajarvi",
        "occupation":"Veterinary surgeon"
    },
    "Trevor Underwood":{
        "age":62,
        "address":"Turku",
        "occupation":"Civil engineer  consulting"
    },
    "Elizabeth Franklin":{
        "age":35,
        "address":"Muurame",
        "occupation":"Veterinary surgeon"
    },
    "James Combs":{
        "age":32,
        "address":"Kaskinen",
        "occupation":"Music tutor"
    },
    "Trevor Smith":{
        "age":33,
        "address":"Lumijoki",
        "occupation":"Hotel manager"
    },
    "Linda Brown":{
        "age":36,
        "address":"Siikainen",
        "occupation":"Veterinary surgeon"
    },
    "Erin Powell":{
        "age":60,
        "address":"Pelkosenniemi",
        "occupation":"Technical author"
    },
    "Erin Franklin":{
        "age":53,
        "address":"Siikainen",
        "occupation":"Geologist  engineering"
    },
    "Tim Powell":{
        "age":20,
        "address":"Loimaa",
        "occupation":"Designer  blown glass\/stained glass"
    },
    "James Franklin":{
        "age":27,
        "address":"Turku",
        "occupation":"Facilities manager"
    },
    "Michelle Johnson":{
        "age":24,
        "address":"Kurikka",
        "occupation":"Psychologist  sport and exercise"
    },
    "Michael Perry":{
        "age":55,
        "address":"Alavieska",
        "occupation":"Technical author"
    },
    "Jordan Underwood":{
        "age":28,
        "address":"Keuruu",
        "occupation":"Contracting civil engineer"
    },
    "Michael Johnson":{
        "age":53,
        "address":"Kaskinen",
        "occupation":"Economist"
    },
    "Johnny Hughes":{
        "age":43,
        "address":"Narpio",
        "occupation":"Economist"
    },
    "Victoria Cline":{
        "age":33,
        "address":"Pelkosenniemi",
        "occupation":"Therapist  occupational"
    },
    "Johnny Cline":{
        "age":49,
        "address":"Kurikka",
        "occupation":"Facilities manager"
    },
    "Wanda Brown":{
        "age":23,
        "address":"Haapavesi",
        "occupation":"Hotel manager"
    },
    "Trevor Combs":{
        "age":42,
        "address":"Askola",
        "occupation":"Fitness centre manager"
    },
    "Lisa Combs":{
        "age":57,
        "address":"Haapajarvi",
        "occupation":"Civil Service administrator"
    },
    "Rodney Jones":{
        "age":58,
        "address":"Lumijoki",
        "occupation":"Technical author"
    },
    "David Ramirez":{
        "age":60,
        "address":"Siikainen",
        "occupation":"Economist"
    },
    "Tim Perry":{
        "age":35,
        "address":"Taivassalo",
        "occupation":"Technical author"
    },
    "Michael Campbell":{
        "age":56,
        "address":"Kaskinen",
        "occupation":"Psychologist  sport and exercise"
    },
    "Johnny Brown":{
        "age":58,
        "address":"Turku",
        "occupation":"Geologist  engineering"
    },
    "Wanda Knox":{
        "age":35,
        "address":"Imatra",
        "occupation":"Fitness centre manager"
    },
    "Linda Cline":{
        "age":21,
        "address":"Keuruu",
        "occupation":"Hotel manager"
    },
    "Lisa Jones":{
        "age":55,
        "address":"Keuruu",
        "occupation":"Civil engineer  consulting"
    },
    "Jordan Campbell":{
        "age":45,
        "address":"Askola",
        "occupation":"Hotel manager"
    },
    "Michael Combs":{
        "age":49,
        "address":"Lumijoki",
        "occupation":"Veterinary surgeon"
    },
    "Lisa Berry":{
        "age":61,
        "address":"Kontiolahti",
        "occupation":"Contracting civil engineer"
    },
    "Wanda Hughes":{
        "age":49,
        "address":"Taivassalo",
        "occupation":"Designer  blown glass\/stained glass"
    },
    "Victoria Martin":{
        "age":39,
        "address":"Pelkosenniemi",
        "occupation":"Facilities manager"
    },
    "David Brown":{
        "age":54,
        "address":"Kurikka",
        "occupation":"Designer  blown glass\/stained glass"
    },
    "Lisa Underwood":{
        "age":30,
        "address":"Lumijoki",
        "occupation":"Accountant  chartered public finance"
    },
    "Michael Berry":{
        "age":62,
        "address":"Pelkosenniemi",
        "occupation":"Contracting civil engineer"
    },
    "Tim Johnson":{
        "age":52,
        "address":"Kaskinen",
        "occupation":"Designer  blown glass\/stained glass"
    },
    "Trevor Knox":{
        "age":34,
        "address":"Haapajarvi",
        "occupation":"Civil Service administrator"
    },
    "Victoria Hughes":{
        "age":42,
        "address":"Narpio",
        "occupation":"Designer  blown glass\/stained glass"
    },
    "Jordan Cline":{
        "age":38,
        "address":"Narpio",
        "occupation":"Civil Service administrator"
    },
    "Linda Berry":{
        "age":51,
        "address":"Siikainen",
        "occupation":"Veterinary surgeon"
    },
    "Brandy Campbell":{
        "age":25,
        "address":"Askola",
        "occupation":"Microbiologist"
    },
    "David Jones":{
        "age":28,
        "address":"Turku",
        "occupation":"Music tutor"
    },
    "Victoria Campbell":{
        "age":62,
        "address":"Lumijoki",
        "occupation":"Civil engineer  consulting"
    },
    "Brandy Hughes":{
        "age":24,
        "address":"Pirkkala",
        "occupation":"Economist"
    },
    "James Hughes":{
        "age":30,
        "address":"Taivassalo",
        "occupation":"Fitness centre manager"
    },
    "Michelle Perry":{
        "age":54,
        "address":"Alavieska",
        "occupation":"Contracting civil engineer"
    },
    "Tim Underwood":{
        "age":50,
        "address":"Pelkosenniemi",
        "occupation":"Geologist  engineering"
    },
    "Victoria Underwood":{
        "age":58,
        "address":"Alavieska",
        "occupation":"Microbiologist"
    },
    "Victoria Mason":{
        "age":45,
        "address":"Imatra",
        "occupation":"Civil Service administrator"
    },
    "Brandy Powell":{
        "age":22,
        "address":"Lumijoki",
        "occupation":"Contracting civil engineer"
    },
    "Trevor Campbell":{
        "age":53,
        "address":"Kaskinen",
        "occupation":"Civil engineer  consulting"
    },
    "Brandy Underwood":{
        "age":61,
        "address":"Kaskinen",
        "occupation":"Therapist  occupational"
    },
    "Brandy Ramirez":{
        "age":53,
        "address":"Imatra",
        "occupation":"Contracting civil engineer"
    },
    "Trevor Martin":{
        "age":60,
        "address":"Pirkkala",
        "occupation":"Technical author"
    },
    "Tim Smith":{
        "age":54,
        "address":"Siikainen",
        "occupation":"Facilities manager"
    },
    "Erin Hayes":{
        "age":42,
        "address":"Loimaa",
        "occupation":"Psychologist  sport and exercise"
    },
    "Linda Powell":{
        "age":44,
        "address":"Kontiolahti",
        "occupation":"Facilities manager"
    },
    "Brandy Martin":{
        "age":47,
        "address":"Imatra",
        "occupation":"Animator"
    },
    "Michelle Smith":{
        "age":56,
        "address":"Alavieska",
        "occupation":"Designer  blown glass\/stained glass"
    },
    "David Franklin":{
        "age":41,
        "address":"Siikainen",
        "occupation":"Facilities manager"
    },
    "Raymond Martin":{
        "age":46,
        "address":"Kurikka",
        "occupation":"Recruitment consultant"
    },
    "Yolanda Perry":{
        "age":35,
        "address":"Pelkosenniemi",
        "occupation":"Civil Service administrator"
    },
    "Linda Mason":{
        "age":60,
        "address":"Loimaa",
        "occupation":"Accountant  chartered public finance"
    },
    "Victoria Brown":{
        "age":33,
        "address":"Kaskinen",
        "occupation":"Economist"
    },
    "Yolanda Berry":{
        "age":40,
        "address":"Somero",
        "occupation":"Facilities manager"
    },
    "James Ramirez":{
        "age":52,
        "address":"Kaskinen",
        "occupation":"Veterinary surgeon"
    },
    "Brandy Smith":{
        "age":57,
        "address":"Kontiolahti",
        "occupation":"Microbiologist"
    },
    "Trevor Hughes":{
        "age":20,
        "address":"Siikainen",
        "occupation":"Accountant  chartered public finance"
    },
    "David Cline":{
        "age":38,
        "address":"Kaskinen",
        "occupation":"Economist"
    },
    "Yolanda Combs":{
        "age":49,
        "address":"Pelkosenniemi",
        "occupation":"Designer  blown glass\/stained glass"
    },
    "Raymond Brown":{
        "age":19,
        "address":"Askola",
        "occupation":"Microbiologist"
    },
    "Erin Ramirez":{
        "age":31,
        "address":"Turku",
        "occupation":"Technical author"
    },
    "Tim Campbell":{
        "age":48,
        "address":"Loimaa",
        "occupation":"Music tutor"
    },
    "Jordan Hayes":{
        "age":19,
        "address":"Haapavesi",
        "occupation":"Technical author"
    },
    "Elizabeth Underwood":{
        "age":41,
        "address":"Loimaa",
        "occupation":"Microbiologist"
    },
    "Wanda Jones":{
        "age":42,
        "address":"Narpio",
        "occupation":"Animator"
    },
    "Carrie Powell":{
        "age":27,
        "address":"Turku",
        "occupation":"Therapist  occupational"
    },
    "Michael Martin":{
        "age":47,
        "address":"Turku",
        "occupation":"Recruitment consultant"
    },
    "Michelle Powell":{
        "age":19,
        "address":"Pirkkala",
        "occupation":"Hotel manager"
    },
    "James Hayes":{
        "age":22,
        "address":"Askola",
        "occupation":"Technical author"
    },
    "Michael Underwood":{
        "age":38,
        "address":"Pelkosenniemi",
        "occupation":"Recruitment consultant"
    },
    "Victoria Hayes":{
        "age":30,
        "address":"Kontiolahti",
        "occupation":"Civil engineer  consulting"
    },
    "Erin Jones":{
        "age":55,
        "address":"Askola",
        "occupation":"Microbiologist"
    },
    "Yolanda Hayes":{
        "age":27,
        "address":"Keuruu",
        "occupation":"Geologist  engineering"
    },
    "Michelle Martin":{
        "age":41,
        "address":"Somero",
        "occupation":"Accountant  chartered public finance"
    },
    "Yolanda Smith":{
        "age":48,
        "address":"Kaskinen",
        "occupation":"Designer  blown glass\/stained glass"
    },
    "Brandy Knox":{
        "age":33,
        "address":"Lumijoki",
        "occupation":"Veterinary surgeon"
    },
    "Anna Hayes":{
        "age":60,
        "address":"Keuruu",
        "occupation":"Economist"
    }
}