{
    "Erin Berry":{
        "age":55,
        "address":"Askola",
        "occupation":"Veterinary surgeon"
    },
    "Erin Perry":{
        "age":60,
        "address":"Kaskinen",
        "occupation":"Fitness centre manager"
    },
    "Rodney Hayes":{
        "age":60,
        "address":"Somero",
        "occupation":"Veterinary surgeon"
    },
    "Johnny Jones":{
        "age":48,
        "address":"Muurame",
        "occupation":"Research officer  political party"
    },
    "Yolanda Martin":{
        "age":49,
        "address":"Pirkkala",
        "occupation":"Music tutor"
    },
    "Wanda Ramirez":{
        "age":28,
        "address":"Kurikka",
        "occupation":"Hotel manager"
    },
    "Jordan Combs":{
        "age":27,
        "address":"Keuruu",
        "occupation":"Civil engineer  consulting"
    },
    "Tim Powell":{
        "age":45,
        "address":"Narpio",
        "occupation":"Veterinary surgeon"
    },
    "Johnny Underwood":{
        "age":26,
        "address":"Lumijoki",
        "occupation":"Animator"
    },
    "James Knox":{
        "age":38,
        "address":"Pirkkala",
        "occupation":"Music tutor"
    },
    "Linda Combs":{
        "age":24,
        "address":"Askola",
        "occupation":"Facilities manager"
    },
    "Erin Knox":{
        "age":49,
        "address":"Alavieska",
        "occupation":"Music tutor"
    },
    "Rodney Martin":{
        "age":58,
        "address":"Muurame",
        "occupation":"Microbiologist"
    },
    "Lisa Hughes":{
        "age":52,
        "address":"Somero",
        "occupation":"Fitness centre manager"
    },
    "David Atkins":{
        "age":25,
        "address":"Loimaa",
        "occupation":"Accountant  chartered public finance"
    },
    "David Perry":{
        "age":56,
        "address":"Pelkosenniemi",
        "occupation":"Fitness centre manager"
    },
    "Victoria Underwood":{
        "age":59,
        "address":"Loimaa",
        "occupation":"Geologist  engineering"
    },
    "Michael Hughes":{
        "age":46,
        "address":"Imatra",
        "occupation":"Civil Service administrator"
    },
    "Erin Powell":{
        "age":42,
        "address":"Imatra",
        "occupation":"Economist"
    },
    "Tim Jones":{
        "age":42,
        "address":"Narpio",
        "occupation":"Animator"
    },
    "Linda Franklin":{
        "age":53,
        "address":"Narpio",
        "occupation":"Geologist  engineering"
    },
    "Anna Underwood":{
        "age":42,
        "address":"Narpio",
        "occupation":"Veterinary surgeon"
    },
    "Brandy Campbell":{
        "age":25,
        "address":"Turku",
        "occupation":"Economist"
    },
    "Tim Combs":{
        "age":34,
        "address":"Haapajarvi",
        "occupation":"Civil engineer  consulting"
    },
    "Linda Hughes":{
        "age":32,
        "address":"Loimaa",
        "occupation":"Music tutor"
    },
    "Anna Johnson":{
        "age":53,
        "address":"Kurikka",
        "occupation":"Contracting civil engineer"
    },
    "Elizabeth Powell":{
        "age":48,
        "address":"Somero",
        "occupation":"Research officer  political party"
    },
    "Erin Johnson":{
        "age":36,
        "address":"Haapajarvi",
        "occupation":"Technical author"
    },
    "Carrie Berry":{
        "age":52,
        "address":"Kurikka",
        "occupation":"Music tutor"
    },
    "Yolanda Hayes":{
        "age":21,
        "address":"Alavieska",
        "occupation":"Facilities manager"
    },
    "Anna Knox":{
        "age":33,
        "address":"Haapavesi",
        "occupation":"Technical author"
    },
    "Johnny Cline":{
        "age":34,
        "address":"Siikainen",
        "occupation":"Research officer  political party"
    },
    "Carrie Combs":{
        "age":32,
        "address":"Siikainen",
        "occupation":"Research officer  political party"
    },
    "Yolanda Knox":{
        "age":32,
        "address":"Pirkkala",
        "occupation":"Hotel manager"
    },
    "Anna Mason":{
        "age":39,
        "address":"Muurame",
        "occupation":"Civil Service administrator"
    },
    "Trevor Ramirez":{
        "age":63,
        "address":"Kurikka",
        "occupation":"Research officer  political party"
    },
    "Johnny Hughes":{
        "age":20,
        "address":"Pelkosenniemi",
        "occupation":"Hotel manager"
    },
    "Brandy Smith":{
        "age":53,
        "address":"Kontiolahti",
        "occupation":"Economist"
    },
    "Raymond Hayes":{
        "age":53,
        "address":"Haapavesi",
        "occupation":"Hotel manager"
    },
    "Carrie Mason":{
        "age":37,
        "address":"Imatra",
        "occupation":"Hotel manager"
    },
    "Carrie Ramirez":{
        "age":54,
        "address":"Haapajarvi",
        "occupation":"Veterinary surgeon"
    },
    "Raymond Brown":{
        "age":54,
        "address":"Taivassalo",
        "occupation":"Psychologist  sport and exercise"
    },
    "Carrie Martin":{
        "age":57,
        "address":"Lumijoki",
        "occupation":"Accountant  chartered public finance"
    },
    "James Campbell":{
        "age":51,
        "address":"Askola",
        "occupation":"Fitness centre manager"
    },
    "Elizabeth Jones":{
        "age":28,
        "address":"Imatra",
        "occupation":"Designer  blown glass\/stained glass"
    },
    "Raymond Combs":{
        "age":51,
        "address":"Kurikka",
        "occupation":"Microbiologist"
    },
    "Carrie Franklin":{
        "age":52,
        "address":"Narpio",
        "occupation":"Recruitment consultant"
    },
    "Wanda Franklin":{
        "age":42,
        "address":"Kontiolahti",
        "occupation":"Animator"
    },
    "David Jones":{
        "age":61,
        "address":"Taivassalo",
        "occupation":"Music tutor"
    },
    "Michelle Johnson":{
        "age":24,
        "address":"Alavieska",
        "occupation":"Hotel manager"
    },
    "Wanda Johnson":{
        "age":53,
        "address":"Muurame",
        "occupation":"Technical author"
    },
    "Erin Brown":{
        "age":53,
        "address":"Imatra",
        "occupation":"Economist"
    },
    "Wanda Smith":{
        "age":24,
        "address":"Narpio",
        "occupation":"Technical author"
    },
    "Anna Franklin":{
        "age":22,
        "address":"Taivassalo",
        "occupation":"Veterinary surgeon"
    },
    "Erin Cline":{
        "age":24,
        "address":"Pelkosenniemi",
        "occupation":"Designer  blown glass\/stained glass"
    },
    "Jordan Underwood":{
        "age":29,
        "address":"Siikainen",
        "occupation":"Microbiologist"
    },
    "David Martin":{
        "age":56,
        "address":"Haapavesi",
        "occupation":"Economist"
    },
    "Trevor Berry":{
        "age":45,
        "address":"Keuruu",
        "occupation":"Accountant  chartered public finance"
    },
    "Lisa Berry":{
        "age":20,
        "address":"Siikainen",
        "occupation":"Facilities manager"
    },
    "Jordan Ramirez":{
        "age":23,
        "address":"Taivassalo",
        "occupation":"Veterinary surgeon"
    },
    "Trevor Franklin":{
        "age":24,
        "address":"Kontiolahti",
        "occupation":"Recruitment consultant"
    },
    "Lisa Atkins":{
        "age":61,
        "address":"Siikainen",
        "occupation":"Veterinary surgeon"
    },
    "Lisa Perry":{
        "age":58,
        "address":"Muurame",
        "occupation":"Civil engineer  consulting"
    },
    "Michael Berry":{
        "age":58,
        "address":"Pelkosenniemi",
        "occupation":"Civil engineer  consulting"
    },
    "Linda Johnson":{
        "age":37,
        "address":"Loimaa",
        "occupation":"Animator"
    },
    "James Underwood":{
        "age":45,
        "address":"Haapajarvi",
        "occupation":"Fitness centre manager"
    },
    "Johnny Perry":{
        "age":45,
        "address":"Alavieska",
        "occupation":"Civil Service administrator"
    },
    "Carrie Smith":{
        "age":50,
        "address":"Askola",
        "occupation":"Animator"
    },
    "James Berry":{
        "age":39,
        "address":"Kontiolahti",
        "occupation":"Designer  blown glass\/stained glass"
    },
    "James Powell":{
        "age":31,
        "address":"Somero",
        "occupation":"Accountant  chartered public finance"
    },
    "Johnny Smith":{
        "age":53,
        "address":"Siikainen",
        "occupation":"Fitness centre manager"
    },
    "Yolanda Berry":{
        "age":35,
        "address":"Loimaa",
        "occupation":"Fitness centre manager"
    },
    "Victoria Knox":{
        "age":59,
        "address":"Taivassalo",
        "occupation":"Veterinary surgeon"
    },
    "Johnny Mason":{
        "age":30,
        "address":"Haapajarvi",
        "occupation":"Contracting civil engineer"
    },
    "James Jones":{
        "age":37,
        "address":"Muurame",
        "occupation":"Designer  blown glass\/stained glass"
    },
    "James Brown":{
        "age":55,
        "address":"Turku",
        "occupation":"Recruitment consultant"
    },
    "Rodney Powell":{
        "age":47,
        "address":"Imatra",
        "occupation":"Veterinary surgeon"
    },
    "Trevor Hayes":{
        "age":37,
        "address":"Siikainen",
        "occupation":"Animator"
    },
    "Carrie Powell":{
        "age":54,
        "address":"Haapavesi",
        "occupation":"Recruitment consultant"
    },
    "James Perry":{
        "age":40,
        "address":"Haapavesi",
        "occupation":"Music tutor"
    },
    "Carrie Jones":{
        "age":28,
        "address":"Kontiolahti",
        "occupation":"Music tutor"
    },
    "Anna Campbell":{
        "age":30,
        "address":"Askola",
        "occupation":"Therapist  occupational"
    },
    "David Ramirez":{
        "age":28,
        "address":"Haapajarvi",
        "occupation":"Civil Service administrator"
    },
    "Trevor Mason":{
        "age":29,
        "address":"Loimaa",
        "occupation":"Facilities manager"
    },
    "Elizabeth Hughes":{
        "age":45,
        "address":"Imatra",
        "occupation":"Hotel manager"
    },
    "Michelle Hayes":{
        "age":59,
        "address":"Siikainen",
        "occupation":"Technical author"
    },
    "Lisa Cline":{
        "age":21,
        "address":"Kurikka",
        "occupation":"Technical author"
    }
}