{
    "Rodney Mason":{
        "age":21,
        "address":"Narpio",
        "occupation":"Fitness centre manager"
    },
    "Erin Mason":{
        "age":55,
        "address":"Somero",
        "occupation":"Fitness centre manager"
    },
    "Erin Underwood":{
        "age":52,
        "address":"Pirkkala",
        "occupation":"Geologist  engineering"
    },
    "Rodney Campbell":{
        "age":57,
        "address":"Haapajarvi",
        "occupation":"Technical author"
    },
    "James Smith":{
        "age":49,
        "address":"Haapavesi",
        "occupation":"Veterinary surgeon"
    },
    "Michelle Mason":{
        "age":24,
        "address":"Somero",
        "occupation":"Therapist  occupational"
    },
    "David Hayes":{
        "age":20,
        "address":"Haapajarvi",
        "occupation":"Recruitment consultant"
    },
    "Johnny Martin":{
        "age":57,
        "address":"Somero",
        "occupation":"Civil engineer  consulting"
    },
    "Brandy Cline":{
        "age":53,
        "address":"Kurikka",
        "occupation":"Accountant  chartered public finance"
    },
    "Johnny Underwood":{
        "age":59,
        "address":"Kurikka",
        "occupation":"Research officer  political party"
    },
    "Raymond Campbell":{
        "age":48,
        "address":"Kaskinen",
        "occupation":"Veterinary surgeon"
    },
    "Anna Powell":{
        "age":46,
        "address":"Loimaa",
        "occupation":"Recruitment consultant"
    },
    "Trevor Brown":{
        "age":55,
        "address":"Haapajarvi",
        "occupation":"Hotel manager"
    },
    "Erin Franklin":{
        "age":38,
        "address":"Kontiolahti",
        "occupation":"Psychologist  sport and exercise"
    },
    "Yolanda Campbell":{
        "age":63,
        "address":"Muurame",
        "occupation":"Designer  blown glass\/stained glass"
    },
    "James Hayes":{
        "age":58,
        "address":"Keuruu",
        "occupation":"Recruitment consultant"
    },
    "Anna Brown":{
        "age":49,
        "address":"Lumijoki",
        "occupation":"Research officer  political party"
    },
    "Michael Hayes":{
        "age":25,
        "address":"Taivassalo",
        "occupation":"Microbiologist"
    },
    "Brandy Combs":{
        "age":38,
        "address":"Turku",
        "occupation":"Hotel manager"
    },
    "Tim Berry":{
        "age":25,
        "address":"Loimaa",
        "occupation":"Fitness centre manager"
    },
    "Elizabeth Franklin":{
        "age":26,
        "address":"Pirkkala",
        "occupation":"Designer  blown glass\/stained glass"
    },
    "Carrie Jones":{
        "age":24,
        "address":"Keuruu",
        "occupation":"Civil Service administrator"
    },
    "Brandy Johnson":{
        "age":63,
        "address":"Muurame",
        "occupation":"Music tutor"
    },
    "Anna Campbell":{
        "age":50,
        "address":"Haapavesi",
        "occupation":"Fitness centre manager"
    },
    "Brandy Hayes":{
        "age":58,
        "address":"Loimaa",
        "occupation":"Psychologist  sport and exercise"
    },
    "Tim Powell":{
        "age":44,
        "address":"Somero",
        "occupation":"Civil engineer  consulting"
    },
    "Rodney Ramirez":{
        "age":35,
        "address":"Haapajarvi",
        "occupation":"Technical author"
    },
    "Victoria Cline":{
        "age":43,
        "address":"Pirkkala",
        "occupation":"Veterinary surgeon"
    },
    "James Atkins":{
        "age":61,
        "address":"Muurame",
        "occupation":"Hotel manager"
    },
    "Linda Combs":{
        "age":47,
        "address":"Keuruu",
        "occupation":"Hotel manager"
    },
    "Carrie Mason":{
        "age":22,
        "address":"Askola",
        "occupation":"Veterinary surgeon"
    },
    "Trevor Perry":{
        "age":57,
        "address":"Haapavesi",
        "occupation":"Animator"
    },
    "Michelle Combs":{
        "age":62,
        "address":"Muurame",
        "occupation":"Technical author"
    },
    "David Smith":{
        "age":21,
        "address":"Kontiolahti",
        "occupation":"Designer  blown glass\/stained glass"
    },
    "Lisa Perry":{
        "age":42,
        "address":"Turku",
        "occupation":"Designer  blown glass\/stained glass"
    },
    "Rodney Combs":{
        "age":19,
        "address":"Muurame",
        "occupation":"Psychologist  sport and exercise"
    },
    "James Berry":{
        "age":30,
        "address":"Somero",
        "occupation":"Technical author"
    },
    "Victoria Knox":{
        "age":61,
        "address":"Pirkkala",
        "occupation":"Psychologist  sport and exercise"
    },
    "Yolanda Mason":{
        "age":42,
        "address":"Pirkkala",
        "occupation":"Music tutor"
    },
    "Victoria Mason":{
        "age":49,
        "address":"Haapavesi",
        "occupation":"Veterinary surgeon"
    },
    "Carrie Atkins":{
        "age":38,
        "address":"Siikainen",
        "occupation":"Recruitment consultant"
    },
    "Trevor Martin":{
        "age":32,
        "address":"Haapajarvi",
        "occupation":"Microbiologist"
    },
    "Lisa Franklin":{
        "age":40,
        "address":"Kaskinen",
        "occupation":"Accountant  chartered public finance"
    },
    "Carrie Knox":{
        "age":57,
        "address":"Pirkkala",
        "occupation":"Research officer  political party"
    },
    "Rodney Hayes":{
        "age":20,
        "address":"Haapavesi",
        "occupation":"Animator"
    },
    "Elizabeth Campbell":{
        "age":19,
        "address":"Siikainen",
        "occupation":"Contracting civil engineer"
    },
    "Wanda Franklin":{
        "age":29,
        "address":"Turku",
        "occupation":"Hotel manager"
    },
    "Erin Ramirez":{
        "age":32,
        "address":"Alavieska",
        "occupation":"Therapist  occupational"
    },
    "Raymond Hayes":{
        "age":20,
        "address":"Alavieska",
        "occupation":"Psychologist  sport and exercise"
    },
    "David Jones":{
        "age":34,
        "address":"Turku",
        "occupation":"Facilities manager"
    },
    "Erin Perry":{
        "age":47,
        "address":"Keuruu",
        "occupation":"Recruitment consultant"
    },
    "Wanda Jones":{
        "age":33,
        "address":"Imatra",
        "occupation":"Therapist  occupational"
    },
    "Tim Combs":{
        "age":45,
        "address":"Muurame",
        "occupation":"Psychologist  sport and exercise"
    },
    "Raymond Powell":{
        "age":52,
        "address":"Haapajarvi",
        "occupation":"Designer  blown glass\/stained glass"
    },
    "Jordan Combs":{
        "age":59,
        "address":"Haapavesi",
        "occupation":"Animator"
    },
    "Anna Hayes":{
        "age":20,
        "address":"Pirkkala",
        "occupation":"Economist"
    },
    "Yolanda Johnson":{
        "age":39,
        "address":"Siikainen",
        "occupation":"Economist"
    },
    "Brandy Perry":{
        "age":52,
        "address":"Somero",
        "occupation":"Contracting civil engineer"
    },
    "Lisa Knox":{
        "age":21,
        "address":"Kurikka",
        "occupation":"Civil engineer  consulting"
    },
    "Michelle Berry":{
        "age":50,
        "address":"Imatra",
        "occupation":"Designer  blown glass\/stained glass"
    },
    "Trevor Underwood":{
        "age":44,
        "address":"Imatra",
        "occupation":"Civil engineer  consulting"
    },
    "Anna Perry":{
        "age":28,
        "address":"Haapavesi",
        "occupation":"Technical author"
    },
    "David Martin":{
        "age":30,
        "address":"Kaskinen",
        "occupation":"Contracting civil engineer"
    },
    "Victoria Smith":{
        "age":29,
        "address":"Kaskinen",
        "occupation":"Veterinary surgeon"
    },
    "David Knox":{
        "age":48,
        "address":"Lumijoki",
        "occupation":"Music tutor"
    },
    "Wanda Martin":{
        "age":31,
        "address":"Imatra",
        "occupation":"Microbiologist"
    },
    "Rodney Franklin":{
        "age":58,
        "address":"Muurame",
        "occupation":"Contracting civil engineer"
    },
    "Yolanda Jones":{
        "age":43,
        "address":"Loimaa",
        "occupation":"Civil Service administrator"
    },
    "Wanda Berry":{
        "age":30,
        "address":"Muurame",
        "occupation":"Designer  blown glass\/stained glass"
    },
    "Erin Cline":{
        "age":45,
        "address":"Turku",
        "occupation":"Accountant  chartered public finance"
    },
    "Carrie Brown":{
        "age":49,
        "address":"Kaskinen",
        "occupation":"Psychologist  sport and exercise"
    },
    "Trevor Johnson":{
        "age":31,
        "address":"Somero",
        "occupation":"Geologist  engineering"
    },
    "Victoria Brown":{
        "age":20,
        "address":"Askola",
        "occupation":"Music tutor"
    },
    "David Mason":{
        "age":58,
        "address":"Loimaa",
        "occupation":"Veterinary surgeon"
    },
    "Michelle Knox":{
        "age":42,
        "address":"Pirkkala",
        "occupation":"Designer  blown glass\/stained glass"
    },
    "Johnny Atkins":{
        "age":56,
        "address":"Haapavesi",
        "occupation":"Civil Service administrator"
    },
    "Anna Atkins":{
        "age":47,
        "address":"Alavieska",
        "occupation":"Accountant  chartered public finance"
    },
    "Brandy Martin":{
        "age":34,
        "address":"Lumijoki",
        "occupation":"Technical author"
    },
    "James Underwood":{
        "age":34,
        "address":"Turku",
        "occupation":"Veterinary surgeon"
    },
    "James Perry":{
        "age":37,
        "address":"Kurikka",
        "occupation":"Accountant  chartered public finance"
    },
    "Victoria Hayes":{
        "age":27,
        "address":"Lumijoki",
        "occupation":"Technical author"
    },
    "Michelle Hughes":{
        "age":38,
        "address":"Keuruu",
        "occupation":"Microbiologist"
    },
    "Johnny Hughes":{
        "age":60,
        "address":"Haapajarvi",
        "occupation":"Veterinary surgeon"
    },
    "Erin Martin":{
        "age":26,
        "address":"Narpio",
        "occupation":"Microbiologist"
    },
    "Johnny Berry":{
        "age":46,
        "address":"Pelkosenniemi",
        "occupation":"Contracting civil engineer"
    },
    "Lisa Hughes":{
        "age":44,
        "address":"Kontiolahti",
        "occupation":"Contracting civil engineer"
    },
    "Tim Campbell":{
        "age":43,
        "address":"Taivassalo",
        "occupation":"Contracting civil engineer"
    }
}