{
    "Anna Ramirez":{
        "age":27,
        "address":"Imatra",
        "occupation":"Veterinary surgeon"
    },
    "Wanda Brown":{
        "age":24,
        "address":"Kurikka",
        "occupation":"Fitness centre manager"
    },
    "Anna Powell":{
        "age":32,
        "address":"Muurame",
        "occupation":"Civil Service administrator"
    },
    "Anna Knox":{
        "age":51,
        "address":"Imatra",
        "occupation":"Facilities manager"
    },
    "Lisa Martin":{
        "age":55,
        "address":"Loimaa",
        "occupation":"Recruitment consultant"
    },
    "Tim Martin":{
        "age":38,
        "address":"Narpio",
        "occupation":"Facilities manager"
    },
    "Elizabeth Campbell":{
        "age":35,
        "address":"Haapajarvi",
        "occupation":"Research officer  political party"
    },
    "Michael Smith":{
        "age":39,
        "address":"Pirkkala",
        "occupation":"Fitness centre manager"
    },
    "Elizabeth Hayes":{
        "age":60,
        "address":"Muurame",
        "occupation":"Music tutor"
    },
    "David Berry":{
        "age":21,
        "address":"Lumijoki",
        "occupation":"Economist"
    },
    "Raymond Atkins":{
        "age":35,
        "address":"Turku",
        "occupation":"Fitness centre manager"
    },
    "Michelle Underwood":{
        "age":34,
        "address":"Narpio",
        "occupation":"Therapist  occupational"
    },
    "Tim Jones":{
        "age":43,
        "address":"Askola",
        "occupation":"Facilities manager"
    },
    "Trevor Smith":{
        "age":61,
        "address":"Imatra",
        "occupation":"Economist"
    },
    "Elizabeth Smith":{
        "age":26,
        "address":"Pelkosenniemi",
        "occupation":"Music tutor"
    },
    "Wanda Smith":{
        "age":53,
        "address":"Kaskinen",
        "occupation":"Therapist  occupational"
    },
    "Brandy Perry":{
        "age":31,
        "address":"Imatra",
        "occupation":"Civil Service administrator"
    },
    "Trevor Underwood":{
        "age":21,
        "address":"Kurikka",
        "occupation":"Animator"
    },
    "Yolanda Underwood":{
        "age":24,
        "address":"Somero",
        "occupation":"Designer  blown glass\/stained glass"
    },
    "Lisa Ramirez":{
        "age":28,
        "address":"Muurame",
        "occupation":"Fitness centre manager"
    },
    "Yolanda Martin":{
        "age":51,
        "address":"Alavieska",
        "occupation":"Research officer  political party"
    },
    "Linda Mason":{
        "age":58,
        "address":"Pelkosenniemi",
        "occupation":"Facilities manager"
    },
    "Jordan Campbell":{
        "age":47,
        "address":"Haapajarvi",
        "occupation":"Psychologist  sport and exercise"
    },
    "Brandy Hayes":{
        "age":34,
        "address":"Pirkkala",
        "occupation":"Research officer  political party"
    },
    "James Franklin":{
        "age":22,
        "address":"Keuruu",
        "occupation":"Accountant  chartered public finance"
    },
    "Johnny Smith":{
        "age":54,
        "address":"Haapavesi",
        "occupation":"Animator"
    },
    "Johnny Mason":{
        "age":23,
        "address":"Lumijoki",
        "occupation":"Music tutor"
    },
    "James Powell":{
        "age":53,
        "address":"Loimaa",
        "occupation":"Psychologist  sport and exercise"
    },
    "Erin Berry":{
        "age":33,
        "address":"Pelkosenniemi",
        "occupation":"Technical author"
    },
    "Wanda Berry":{
        "age":23,
        "address":"Siikainen",
        "occupation":"Geologist  engineering"
    },
    "Anna Jones":{
        "age":51,
        "address":"Imatra",
        "occupation":"Animator"
    },
    "Lisa Brown":{
        "age":24,
        "address":"Muurame",
        "occupation":"Therapist  occupational"
    },
    "Jordan Martin":{
        "age":42,
        "address":"Kontiolahti",
        "occupation":"Designer  blown glass\/stained glass"
    },
    "Brandy Mason":{
        "age":35,
        "address":"Alavieska",
        "occupation":"Technical author"
    },
    "James Hughes":{
        "age":31,
        "address":"Turku",
        "occupation":"Animator"
    },
    "Tim Johnson":{
        "age":49,
        "address":"Siikainen",
        "occupation":"Veterinary surgeon"
    },
    "Johnny Perry":{
        "age":44,
        "address":"Siikainen",
        "occupation":"Technical author"
    },
    "Jordan Jones":{
        "age":46,
        "address":"Narpio",
        "occupation":"Veterinary surgeon"
    },
    "James Knox":{
        "age":33,
        "address":"Pirkkala",
        "occupation":"Geologist  engineering"
    },
    "Anna Perry":{
        "age":55,
        "address":"Kurikka",
        "occupation":"Therapist  occupational"
    },
    "Brandy Johnson":{
        "age":24,
        "address":"Imatra",
        "occupation":"Research officer  political party"
    },
    "Jordan Hughes":{
        "age":55,
        "address":"Alavieska",
        "occupation":"Technical author"
    },
    "David Powell":{
        "age":29,
        "address":"Siikainen",
        "occupation":"Civil Service administrator"
    },
    "Michelle Ramirez":{
        "age":19,
        "address":"Siikainen",
        "occupation":"Facilities manager"
    },
    "Wanda Ramirez":{
        "age":46,
        "address":"Haapajarvi",
        "occupation":"Civil Service administrator"
    },
    "Jordan Atkins":{
        "age":29,
        "address":"Narpio",
        "occupation":"Geologist  engineering"
    },
    "David Combs":{
        "age":19,
        "address":"Muurame",
        "occupation":"Animator"
    },
    "Brandy Atkins":{
        "age":53,
        "address":"Askola",
        "occupation":"Geologist  engineering"
    },
    "Wanda Atkins":{
        "age":62,
        "address":"Haapavesi",
        "occupation":"Psychologist  sport and exercise"
    },
    "Carrie Hughes":{
        "age":41,
        "address":"Pelkosenniemi",
        "occupation":"Contracting civil engineer"
    },
    "Rodney Jones":{
        "age":41,
        "address":"Siikainen",
        "occupation":"Research officer  political party"
    },
    "Victoria Hughes":{
        "age":48,
        "address":"Siikainen",
        "occupation":"Recruitment consultant"
    },
    "Carrie Berry":{
        "age":63,
        "address":"Kaskinen",
        "occupation":"Economist"
    },
    "Michelle Smith":{
        "age":47,
        "address":"Kontiolahti",
        "occupation":"Contracting civil engineer"
    },
    "Tim Ramirez":{
        "age":48,
        "address":"Askola",
        "occupation":"Psychologist  sport and exercise"
    },
    "Wanda Jones":{
        "age":43,
        "address":"Haapavesi",
        "occupation":"Research officer  political party"
    },
    "Tim Franklin":{
        "age":21,
        "address":"Loimaa",
        "occupation":"Technical author"
    },
    "Michelle Perry":{
        "age":55,
        "address":"Turku",
        "occupation":"Civil engineer  consulting"
    },
    "Lisa Underwood":{
        "age":53,
        "address":"Somero",
        "occupation":"Contracting civil engineer"
    },
    "Trevor Mason":{
        "age":60,
        "address":"Narpio",
        "occupation":"Economist"
    },
    "Wanda Hayes":{
        "age":35,
        "address":"Pelkosenniemi",
        "occupation":"Designer  blown glass\/stained glass"
    },
    "Linda Ramirez":{
        "age":40,
        "address":"Turku",
        "occupation":"Music tutor"
    },
    "Victoria Mason":{
        "age":19,
        "address":"Muurame",
        "occupation":"Psychologist  sport and exercise"
    },
    "Jordan Cline":{
        "age":38,
        "address":"Keuruu",
        "occupation":"Music tutor"
    },
    "Brandy Combs":{
        "age":41,
        "address":"Kaskinen",
        "occupation":"Veterinary surgeon"
    },
    "James Brown":{
        "age":53,
        "address":"Haapajarvi",
        "occupation":"Technical author"
    },
    "Lisa Jones":{
        "age":31,
        "address":"Alavieska",
        "occupation":"Animator"
    },
    "Tim Perry":{
        "age":33,
        "address":"Imatra",
        "occupation":"Facilities manager"
    },
    "Tim Hughes":{
        "age":45,
        "address":"Askola",
        "occupation":"Civil Service administrator"
    },
    "Raymond Smith":{
        "age":20,
        "address":"Haapavesi",
        "occupation":"Civil Service administrator"
    },
    "David Martin":{
        "age":53,
        "address":"Kurikka",
        "occupation":"Economist"
    },
    "Elizabeth Mason":{
        "age":43,
        "address":"Imatra",
        "occupation":"Fitness centre manager"
    },
    "Wanda Hughes":{
        "age":63,
        "address":"Muurame",
        "occupation":"Accountant  chartered public finance"
    },
    "Yolanda Brown":{
        "age":22,
        "address":"Kontiolahti",
        "occupation":"Geologist  engineering"
    },
    "Raymond Jones":{
        "age":43,
        "address":"Askola",
        "occupation":"Technical author"
    },
    "James Smith":{
        "age":61,
        "address":"Haapajarvi",
        "occupation":"Economist"
    },
    "Erin Jones":{
        "age":35,
        "address":"Kaskinen",
        "occupation":"Hotel manager"
    },
    "Linda Powell":{
        "age":21,
        "address":"Narpio",
        "occupation":"Economist"
    },
    "David Knox":{
        "age":41,
        "address":"Pelkosenniemi",
        "occupation":"Research officer  political party"
    },
    "Victoria Ramirez":{
        "age":45,
        "address":"Narpio",
        "occupation":"Contracting civil engineer"
    },
    "Tim Knox":{
        "age":52,
        "address":"Narpio",
        "occupation":"Therapist  occupational"
    },
    "David Cline":{
        "age":52,
        "address":"Pelkosenniemi",
        "occupation":"Economist"
    },
    "James Johnson":{
        "age":25,
        "address":"Keuruu",
        "occupation":"Therapist  occupational"
    },
    "Rodney Johnson":{
        "age":58,
        "address":"Narpio",
        "occupation":"Civil Service administrator"
    },
    "Linda Smith":{
        "age":33,
        "address":"Askola",
        "occupation":"Fitness centre manager"
    },
    "Victoria Powell":{
        "age":45,
        "address":"Somero",
        "occupation":"Economist"
    },
    "Linda Hayes":{
        "age":57,
        "address":"Imatra",
        "occupation":"Contracting civil engineer"
    },
    "Erin Mason":{
        "age":58,
        "address":"Keuruu",
        "occupation":"Recruitment consultant"
    }
}