{
    "Elizabeth Hughes":{
        "age":63,
        "address":"Loimaa",
        "occupation":"Veterinary surgeon"
    },
    "Yolanda Ramirez":{
        "age":32,
        "address":"Kontiolahti",
        "occupation":"Microbiologist"
    },
    "Linda Johnson":{
        "age":45,
        "address":"Somero",
        "occupation":"Music tutor"
    },
    "Yolanda Brown":{
        "age":62,
        "address":"Alavieska",
        "occupation":"Animator"
    },
    "Carrie Perry":{
        "age":38,
        "address":"Kaskinen",
        "occupation":"Fitness centre manager"
    },
    "Raymond Jones":{
        "age":55,
        "address":"Imatra",
        "occupation":"Recruitment consultant"
    },
    "Michelle Martin":{
        "age":50,
        "address":"Imatra",
        "occupation":"Economist"
    },
    "Brandy Martin":{
        "age":33,
        "address":"Haapajarvi",
        "occupation":"Economist"
    },
    "James Campbell":{
        "age":49,
        "address":"Keuruu",
        "occupation":"Contracting civil engineer"
    },
    "Tim Hughes":{
        "age":22,
        "address":"Turku",
        "occupation":"Contracting civil engineer"
    },
    "James Berry":{
        "age":55,
        "address":"Loimaa",
        "occupation":"Microbiologist"
    },
    "Carrie Brown":{
        "age":63,
        "address":"Lumijoki",
        "occupation":"Recruitment consultant"
    },
    "Yolanda Berry":{
        "age":61,
        "address":"Lumijoki",
        "occupation":"Contracting civil engineer"
    },
    "Jordan Combs":{
        "age":33,
        "address":"Imatra",
        "occupation":"Fitness centre manager"
    },
    "Trevor Jones":{
        "age":41,
        "address":"Kurikka",
        "occupation":"Civil Service administrator"
    },
    "Michael Powell":{
        "age":30,
        "address":"Pirkkala",
        "occupation":"Therapist  occupational"
    },
    "Jordan Smith":{
        "age":39,
        "address":"Siikainen",
        "occupation":"Technical author"
    },
    "Victoria Hughes":{
        "age":41,
        "address":"Loimaa",
        "occupation":"Facilities manager"
    },
    "David Franklin":{
        "age":61,
        "address":"Narpio",
        "occupation":"Animator"
    },
    "Raymond Hayes":{
        "age":32,
        "address":"Taivassalo",
        "occupation":"Contracting civil engineer"
    },
    "Trevor Knox":{
        "age":37,
        "address":"Haapavesi",
        "occupation":"Animator"
    },
    "Rodney Smith":{
        "age":38,
        "address":"Askola",
        "occupation":"Hotel manager"
    },
    "Johnny Martin":{
        "age":45,
        "address":"Haapajarvi",
        "occupation":"Fitness centre manager"
    },
    "Elizabeth Combs":{
        "age":44,
        "address":"Kaskinen",
        "occupation":"Economist"
    },
    "Anna Berry":{
        "age":34,
        "address":"Askola",
        "occupation":"Psychologist  sport and exercise"
    },
    "Rodney Jones":{
        "age":56,
        "address":"Lumijoki",
        "occupation":"Veterinary surgeon"
    },
    "Tim Berry":{
        "age":58,
        "address":"Pelkosenniemi",
        "occupation":"Therapist  occupational"
    },
    "Trevor Ramirez":{
        "age":43,
        "address":"Turku",
        "occupation":"Psychologist  sport and exercise"
    },
    "James Ramirez":{
        "age":39,
        "address":"Pirkkala",
        "occupation":"Accountant  chartered public finance"
    },
    "Yolanda Campbell":{
        "age":26,
        "address":"Taivassalo",
        "occupation":"Animator"
    },
    "Elizabeth Atkins":{
        "age":20,
        "address":"Haapajarvi",
        "occupation":"Economist"
    },
    "Linda Jones":{
        "age":42,
        "address":"Pelkosenniemi",
        "occupation":"Therapist  occupational"
    },
    "Michael Franklin":{
        "age":48,
        "address":"Turku",
        "occupation":"Civil engineer  consulting"
    },
    "David Brown":{
        "age":36,
        "address":"Taivassalo",
        "occupation":"Geologist  engineering"
    },
    "Trevor Berry":{
        "age":43,
        "address":"Kontiolahti",
        "occupation":"Civil Service administrator"
    },
    "Elizabeth Martin":{
        "age":56,
        "address":"Narpio",
        "occupation":"Animator"
    },
    "Trevor Hughes":{
        "age":40,
        "address":"Turku",
        "occupation":"Psychologist  sport and exercise"
    },
    "Johnny Jones":{
        "age":32,
        "address":"Lumijoki",
        "occupation":"Microbiologist"
    },
    "Linda Powell":{
        "age":23,
        "address":"Pelkosenniemi",
        "occupation":"Animator"
    },
    "Johnny Smith":{
        "age":25,
        "address":"Lumijoki",
        "occupation":"Technical author"
    },
    "Brandy Hughes":{
        "age":28,
        "address":"Kontiolahti",
        "occupation":"Psychologist  sport and exercise"
    },
    "Tim Martin":{
        "age":63,
        "address":"Imatra",
        "occupation":"Research officer  political party"
    },
    "Michelle Jones":{
        "age":46,
        "address":"Siikainen",
        "occupation":"Veterinary surgeon"
    },
    "Elizabeth Franklin":{
        "age":28,
        "address":"Haapajarvi",
        "occupation":"Animator"
    },
    "Rodney Atkins":{
        "age":29,
        "address":"Imatra",
        "occupation":"Civil engineer  consulting"
    },
    "Anna Ramirez":{
        "age":32,
        "address":"Kaskinen",
        "occupation":"Fitness centre manager"
    },
    "Rodney Johnson":{
        "age":33,
        "address":"Alavieska",
        "occupation":"Music tutor"
    },
    "Johnny Franklin":{
        "age":38,
        "address":"Somero",
        "occupation":"Veterinary surgeon"
    },
    "Lisa Martin":{
        "age":32,
        "address":"Somero",
        "occupation":"Microbiologist"
    },
    "Victoria Atkins":{
        "age":56,
        "address":"Taivassalo",
        "occupation":"Accountant  chartered public finance"
    },
    "Wanda Brown":{
        "age":40,
        "address":"Kurikka",
        "occupation":"Hotel manager"
    },
    "James Martin":{
        "age":63,
        "address":"Taivassalo",
        "occupation":"Hotel manager"
    },
    "Jordan Mason":{
        "age":28,
        "address":"Siikainen",
        "occupation":"Contracting civil engineer"
    },
    "Linda Mason":{
        "age":45,
        "address":"Somero",
        "occupation":"Designer  blown glass\/stained glass"
    },
    "Michael Johnson":{
        "age":48,
        "address":"Siikainen",
        "occupation":"Hotel manager"
    },
    "Raymond Brown":{
        "age":60,
        "address":"Pelkosenniemi",
        "occupation":"Veterinary surgeon"
    },
    "Michelle Hughes":{
        "age":54,
        "address":"Askola",
        "occupation":"Geologist  engineering"
    },
    "Raymond Hughes":{
        "age":27,
        "address":"Somero",
        "occupation":"Research officer  political party"
    },
    "Erin Campbell":{
        "age":27,
        "address":"Turku",
        "occupation":"Research officer  political party"
    },
    "Trevor Cline":{
        "age":46,
        "address":"Imatra",
        "occupation":"Music tutor"
    },
    "Lisa Combs":{
        "age":53,
        "address":"Lumijoki",
        "occupation":"Recruitment consultant"
    },
    "Jordan Berry":{
        "age":26,
        "address":"Taivassalo",
        "occupation":"Hotel manager"
    },
    "David Hughes":{
        "age":49,
        "address":"Haapajarvi",
        "occupation":"Civil Service administrator"
    },
    "Michael Martin":{
        "age":51,
        "address":"Kontiolahti",
        "occupation":"Designer  blown glass\/stained glass"
    },
    "Johnny Perry":{
        "age":47,
        "address":"Turku",
        "occupation":"Microbiologist"
    },
    "Elizabeth Smith":{
        "age":37,
        "address":"Taivassalo",
        "occupation":"Civil Service administrator"
    },
    "Jordan Brown":{
        "age":30,
        "address":"Narpio",
        "occupation":"Contracting civil engineer"
    },
    "Anna Powell":{
        "age":22,
        "address":"Pirkkala",
        "occupation":"Civil engineer  consulting"
    },
    "Trevor Combs":{
        "age":35,
        "address":"Siikainen",
        "occupation":"Veterinary surgeon"
    },
    "Trevor Johnson":{
        "age":58,
        "address":"Imatra",
        "occupation":"Psychologist  sport and exercise"
    },
    "Wanda Perry":{
        "age":39,
        "address":"Siikainen",
        "occupation":"Psychologist  sport and exercise"
    },
    "Erin Brown":{
        "age":50,
        "address":"Imatra",
        "occupation":"Music tutor"
    },
    "Victoria Hayes":{
        "age":36,
        "address":"Siikainen",
        "occupation":"Psychologist  sport and exercise"
    },
    "Michael Underwood":{
        "age":57,
        "address":"Keuruu",
        "occupation":"Animator"
    },
    "Brandy Campbell":{
        "age":38,
        "address":"Keuruu",
        "occupation":"Animator"
    },
    "Yolanda Powell":{
        "age":61,
        "address":"Siikainen",
        "occupation":"Designer  blown glass\/stained glass"
    },
    "Rodney Brown":{
        "age":50,
        "address":"Askola",
        "occupation":"Therapist  occupational"
    },
    "Michael Knox":{
        "age":54,
        "address":"Siikainen",
        "occupation":"Contracting civil engineer"
    },
    "Carrie Powell":{
        "age":46,
        "address":"Pirkkala",
        "occupation":"Civil engineer  consulting"
    },
    "Wanda Cline":{
        "age":24,
        "address":"Kaskinen",
        "occupation":"Facilities manager"
    },
    "Victoria Perry":{
        "age":62,
        "address":"Pelkosenniemi",
        "occupation":"Fitness centre manager"
    },
    "Raymond Cline":{
        "age":36,
        "address":"Alavieska",
        "occupation":"Recruitment consultant"
    },
    "Tim Atkins":{
        "age":63,
        "address":"Taivassalo",
        "occupation":"Research officer  political party"
    },
    "Anna Johnson":{
        "age":50,
        "address":"Pelkosenniemi",
        "occupation":"Animator"
    },
    "Carrie Berry":{
        "age":48,
        "address":"Kaskinen",
        "occupation":"Accountant  chartered public finance"
    },
    "Tim Powell":{
        "age":34,
        "address":"Pelkosenniemi",
        "occupation":"Psychologist  sport and exercise"
    },
    "Trevor Atkins":{
        "age":42,
        "address":"Muurame",
        "occupation":"Hotel manager"
    },
    "Michael Hayes":{
        "age":54,
        "address":"Narpio",
        "occupation":"Psychologist  sport and exercise"
    }
}