{
    "Anna Underwood":{
        "age":40,
        "address":"Kurikka",
        "occupation":"Facilities manager"
    },
    "Victoria Smith":{
        "age":28,
        "address":"Turku",
        "occupation":"Research officer  political party"
    },
    "Brandy Atkins":{
        "age":20,
        "address":"Haapavesi",
        "occupation":"Civil Service administrator"
    },
    "Trevor Underwood":{
        "age":41,
        "address":"Askola",
        "occupation":"Accountant  chartered public finance"
    },
    "Elizabeth Atkins":{
        "age":21,
        "address":"Somero",
        "occupation":"Geologist  engineering"
    },
    "Brandy Ramirez":{
        "age":43,
        "address":"Narpio",
        "occupation":"Hotel manager"
    },
    "Jordan Hughes":{
        "age":29,
        "address":"Askola",
        "occupation":"Hotel manager"
    },
    "Jordan Ramirez":{
        "age":60,
        "address":"Pirkkala",
        "occupation":"Technical author"
    },
    "Michael Perry":{
        "age":58,
        "address":"Pirkkala",
        "occupation":"Veterinary surgeon"
    },
    "Yolanda Powell":{
        "age":38,
        "address":"Turku",
        "occupation":"Hotel manager"
    },
    "Tim Johnson":{
        "age":34,
        "address":"Loimaa",
        "occupation":"Accountant  chartered public finance"
    },
    "Erin Martin":{
        "age":24,
        "address":"Haapavesi",
        "occupation":"Microbiologist"
    },
    "Michael Knox":{
        "age":33,
        "address":"Pelkosenniemi",
        "occupation":"Music tutor"
    },
    "Elizabeth Powell":{
        "age":51,
        "address":"Haapajarvi",
        "occupation":"Contracting civil engineer"
    },
    "Michelle Johnson":{
        "age":56,
        "address":"Siikainen",
        "occupation":"Hotel manager"
    },
    "David Campbell":{
        "age":41,
        "address":"Muurame",
        "occupation":"Veterinary surgeon"
    },
    "Michael Hughes":{
        "age":29,
        "address":"Loimaa",
        "occupation":"Accountant  chartered public finance"
    },
    "Carrie Hayes":{
        "age":25,
        "address":"Lumijoki",
        "occupation":"Microbiologist"
    },
    "Raymond Underwood":{
        "age":58,
        "address":"Pirkkala",
        "occupation":"Recruitment consultant"
    },
    "Rodney Smith":{
        "age":54,
        "address":"Kurikka",
        "occupation":"Geologist  engineering"
    },
    "Elizabeth Brown":{
        "age":62,
        "address":"Turku",
        "occupation":"Veterinary surgeon"
    },
    "Brandy Hayes":{
        "age":25,
        "address":"Lumijoki",
        "occupation":"Veterinary surgeon"
    },
    "Wanda Hayes":{
        "age":41,
        "address":"Lumijoki",
        "occupation":"Civil Service administrator"
    },
    "James Brown":{
        "age":51,
        "address":"Lumijoki",
        "occupation":"Fitness centre manager"
    },
    "Anna Martin":{
        "age":43,
        "address":"Pirkkala",
        "occupation":"Civil Service administrator"
    },
    "Trevor Knox":{
        "age":47,
        "address":"Keuruu",
        "occupation":"Geologist  engineering"
    },
    "Rodney Cline":{
        "age":20,
        "address":"Pirkkala",
        "occupation":"Research officer  political party"
    },
    "Carrie Berry":{
        "age":19,
        "address":"Kurikka",
        "occupation":"Fitness centre manager"
    },
    "Tim Hayes":{
        "age":59,
        "address":"Pelkosenniemi",
        "occupation":"Civil engineer  consulting"
    },
    "Linda Brown":{
        "age":38,
        "address":"Turku",
        "occupation":"Accountant  chartered public finance"
    },
    "Wanda Johnson":{
        "age":55,
        "address":"Alavieska",
        "occupation":"Microbiologist"
    },
    "Yolanda Martin":{
        "age":24,
        "address":"Siikainen",
        "occupation":"Civil Service administrator"
    },
    "Wanda Campbell":{
        "age":54,
        "address":"Siikainen",
        "occupation":"Contracting civil engineer"
    },
    "David Franklin":{
        "age":41,
        "address":"Kaskinen",
        "occupation":"Facilities manager"
    },
    "Carrie Mason":{
        "age":48,
        "address":"Narpio",
        "occupation":"Civil Service administrator"
    },
    "Victoria Jones":{
        "age":22,
        "address":"Haapajarvi",
        "occupation":"Facilities manager"
    },
    "Linda Atkins":{
        "age":62,
        "address":"Haapavesi",
        "occupation":"Accountant  chartered public finance"
    },
    "Tim Franklin":{
        "age":42,
        "address":"Haapavesi",
        "occupation":"Civil Service administrator"
    },
    "Linda Mason":{
        "age":27,
        "address":"Kurikka",
        "occupation":"Microbiologist"
    },
    "Wanda Combs":{
        "age":30,
        "address":"Kurikka",
        "occupation":"Facilities manager"
    },
    "Michael Cline":{
        "age":27,
        "address":"Kontiolahti",
        "occupation":"Psychologist  sport and exercise"
    },
    "Michael Ramirez":{
        "age":52,
        "address":"Somero",
        "occupation":"Economist"
    },
    "Brandy Powell":{
        "age":23,
        "address":"Narpio",
        "occupation":"Microbiologist"
    },
    "Michael Brown":{
        "age":55,
        "address":"Keuruu",
        "occupation":"Microbiologist"
    },
    "Johnny Hayes":{
        "age":36,
        "address":"Loimaa",
        "occupation":"Contracting civil engineer"
    },
    "Elizabeth Hughes":{
        "age":57,
        "address":"Pelkosenniemi",
        "occupation":"Civil engineer  consulting"
    },
    "Anna Combs":{
        "age":26,
        "address":"Keuruu",
        "occupation":"Geologist  engineering"
    },
    "Lisa Johnson":{
        "age":35,
        "address":"Haapavesi",
        "occupation":"Microbiologist"
    },
    "Lisa Campbell":{
        "age":56,
        "address":"Siikainen",
        "occupation":"Civil Service administrator"
    },
    "Tim Combs":{
        "age":29,
        "address":"Haapajarvi",
        "occupation":"Facilities manager"
    },
    "Raymond Brown":{
        "age":59,
        "address":"Kurikka",
        "occupation":"Therapist  occupational"
    },
    "Yolanda Brown":{
        "age":27,
        "address":"Turku",
        "occupation":"Contracting civil engineer"
    },
    "Johnny Johnson":{
        "age":51,
        "address":"Keuruu",
        "occupation":"Therapist  occupational"
    },
    "Rodney Hughes":{
        "age":41,
        "address":"Lumijoki",
        "occupation":"Research officer  political party"
    },
    "Tim Martin":{
        "age":47,
        "address":"Pirkkala",
        "occupation":"Civil Service administrator"
    },
    "Michelle Perry":{
        "age":21,
        "address":"Kaskinen",
        "occupation":"Technical author"
    },
    "Victoria Berry":{
        "age":44,
        "address":"Haapavesi",
        "occupation":"Animator"
    },
    "Raymond Atkins":{
        "age":56,
        "address":"Haapavesi",
        "occupation":"Designer  blown glass\/stained glass"
    },
    "Lisa Mason":{
        "age":32,
        "address":"Siikainen",
        "occupation":"Microbiologist"
    },
    "Brandy Knox":{
        "age":28,
        "address":"Narpio",
        "occupation":"Economist"
    },
    "Michael Mason":{
        "age":44,
        "address":"Lumijoki",
        "occupation":"Civil engineer  consulting"
    },
    "James Underwood":{
        "age":60,
        "address":"Keuruu",
        "occupation":"Fitness centre manager"
    },
    "Linda Combs":{
        "age":44,
        "address":"Taivassalo",
        "occupation":"Civil engineer  consulting"
    },
    "Victoria Knox":{
        "age":57,
        "address":"Siikainen",
        "occupation":"Designer  blown glass\/stained glass"
    },
    "Yolanda Ramirez":{
        "age":33,
        "address":"Turku",
        "occupation":"Geologist  engineering"
    },
    "Anna Campbell":{
        "age":51,
        "address":"Keuruu",
        "occupation":"Facilities manager"
    },
    "Michelle Brown":{
        "age":27,
        "address":"Alavieska",
        "occupation":"Research officer  political party"
    },
    "Raymond Martin":{
        "age":45,
        "address":"Loimaa",
        "occupation":"Animator"
    },
    "Rodney Combs":{
        "age":48,
        "address":"Narpio",
        "occupation":"Recruitment consultant"
    },
    "Brandy Martin":{
        "age":30,
        "address":"Narpio",
        "occupation":"Research officer  political party"
    },
    "Raymond Berry":{
        "age":41,
        "address":"Kaskinen",
        "occupation":"Geologist  engineering"
    },
    "Carrie Martin":{
        "age":42,
        "address":"Askola",
        "occupation":"Therapist  occupational"
    },
    "Wanda Mason":{
        "age":60,
        "address":"Pelkosenniemi",
        "occupation":"Music tutor"
    },
    "Rodney Martin":{
        "age":51,
        "address":"Kontiolahti",
        "occupation":"Research officer  political party"
    },
    "Trevor Combs":{
        "age":46,
        "address":"Siikainen",
        "occupation":"Animator"
    },
    "Michael Hayes":{
        "age":20,
        "address":"Somero",
        "occupation":"Geologist  engineering"
    },
    "David Johnson":{
        "age":23,
        "address":"Pirkkala",
        "occupation":"Recruitment consultant"
    },
    "Anna Mason":{
        "age":50,
        "address":"Taivassalo",
        "occupation":"Veterinary surgeon"
    },
    "Jordan Berry":{
        "age":35,
        "address":"Pirkkala",
        "occupation":"Hotel manager"
    },
    "Linda Underwood":{
        "age":39,
        "address":"Imatra",
        "occupation":"Hotel manager"
    },
    "James Cline":{
        "age":39,
        "address":"Turku",
        "occupation":"Fitness centre manager"
    },
    "Trevor Perry":{
        "age":39,
        "address":"Pelkosenniemi",
        "occupation":"Civil engineer  consulting"
    },
    "Victoria Perry":{
        "age":39,
        "address":"Lumijoki",
        "occupation":"Civil Service administrator"
    },
    "Tim Brown":{
        "age":38,
        "address":"Muurame",
        "occupation":"Psychologist  sport and exercise"
    },
    "Carrie Smith":{
        "age":29,
        "address":"Turku",
        "occupation":"Designer  blown glass\/stained glass"
    },
    "Wanda Franklin":{
        "age":23,
        "address":"Haapavesi",
        "occupation":"Psychologist  sport and exercise"
    }
}