{
    "Johnny Ramirez":{
        "age":61,
        "address":"Pelkosenniemi",
        "occupation":"Facilities manager"
    },
    "Elizabeth Franklin":{
        "age":27,
        "address":"Kurikka",
        "occupation":"Veterinary surgeon"
    },
    "Tim Smith":{
        "age":24,
        "address":"Turku",
        "occupation":"Hotel manager"
    },
    "Wanda Hayes":{
        "age":55,
        "address":"Somero",
        "occupation":"Therapist  occupational"
    },
    "Michael Combs":{
        "age":56,
        "address":"Turku",
        "occupation":"Fitness centre manager"
    },
    "Victoria Perry":{
        "age":56,
        "address":"Loimaa",
        "occupation":"Designer  blown glass\/stained glass"
    },
    "Michael Berry":{
        "age":36,
        "address":"Keuruu",
        "occupation":"Animator"
    },
    "Yolanda Hughes":{
        "age":34,
        "address":"Turku",
        "occupation":"Geologist  engineering"
    },
    "Michelle Franklin":{
        "age":57,
        "address":"Haapajarvi",
        "occupation":"Civil Service administrator"
    },
    "Raymond Atkins":{
        "age":48,
        "address":"Haapavesi",
        "occupation":"Animator"
    },
    "Jordan Smith":{
        "age":34,
        "address":"Pirkkala",
        "occupation":"Veterinary surgeon"
    },
    "Carrie Hughes":{
        "age":26,
        "address":"Pirkkala",
        "occupation":"Research officer  political party"
    },
    "Linda Campbell":{
        "age":26,
        "address":"Kontiolahti",
        "occupation":"Microbiologist"
    },
    "Victoria Berry":{
        "age":48,
        "address":"Loimaa",
        "occupation":"Recruitment consultant"
    },
    "Brandy Berry":{
        "age":19,
        "address":"Lumijoki",
        "occupation":"Civil engineer  consulting"
    },
    "Wanda Franklin":{
        "age":49,
        "address":"Haapajarvi",
        "occupation":"Accountant  chartered public finance"
    },
    "Jordan Atkins":{
        "age":42,
        "address":"Haapajarvi",
        "occupation":"Designer  blown glass\/stained glass"
    },
    "Wanda Combs":{
        "age":36,
        "address":"Muurame",
        "occupation":"Fitness centre manager"
    },
    "James Mason":{
        "age":41,
        "address":"Loimaa",
        "occupation":"Veterinary surgeon"
    },
    "Jordan Hughes":{
        "age":36,
        "address":"Imatra",
        "occupation":"Civil engineer  consulting"
    },
    "Jordan Knox":{
        "age":56,
        "address":"Narpio",
        "occupation":"Music tutor"
    },
    "Tim Hayes":{
        "age":21,
        "address":"Imatra",
        "occupation":"Economist"
    },
    "James Powell":{
        "age":33,
        "address":"Loimaa",
        "occupation":"Recruitment consultant"
    },
    "Jordan Underwood":{
        "age":29,
        "address":"Askola",
        "occupation":"Fitness centre manager"
    },
    "Michelle Smith":{
        "age":53,
        "address":"Loimaa",
        "occupation":"Music tutor"
    },
    "David Knox":{
        "age":21,
        "address":"Loimaa",
        "occupation":"Contracting civil engineer"
    },
    "Tim Powell":{
        "age":52,
        "address":"Taivassalo",
        "occupation":"Psychologist  sport and exercise"
    },
    "Johnny Berry":{
        "age":52,
        "address":"Haapajarvi",
        "occupation":"Facilities manager"
    },
    "Yolanda Johnson":{
        "age":52,
        "address":"Kaskinen",
        "occupation":"Contracting civil engineer"
    },
    "David Johnson":{
        "age":42,
        "address":"Keuruu",
        "occupation":"Animator"
    },
    "Trevor Martin":{
        "age":32,
        "address":"Askola",
        "occupation":"Psychologist  sport and exercise"
    },
    "Trevor Mason":{
        "age":26,
        "address":"Somero",
        "occupation":"Fitness centre manager"
    },
    "Elizabeth Johnson":{
        "age":51,
        "address":"Kurikka",
        "occupation":"Accountant  chartered public finance"
    },
    "James Atkins":{
        "age":47,
        "address":"Pelkosenniemi",
        "occupation":"Research officer  political party"
    },
    "Elizabeth Hayes":{
        "age":31,
        "address":"Kaskinen",
        "occupation":"Research officer  political party"
    },
    "James Ramirez":{
        "age":52,
        "address":"Somero",
        "occupation":"Geologist  engineering"
    },
    "Tim Johnson":{
        "age":31,
        "address":"Narpio",
        "occupation":"Civil engineer  consulting"
    },
    "Trevor Berry":{
        "age":46,
        "address":"Narpio",
        "occupation":"Civil Service administrator"
    },
    "Rodney Hayes":{
        "age":55,
        "address":"Taivassalo",
        "occupation":"Therapist  occupational"
    },
    "Johnny Perry":{
        "age":44,
        "address":"Pelkosenniemi",
        "occupation":"Economist"
    },
    "Erin Cline":{
        "age":46,
        "address":"Pelkosenniemi",
        "occupation":"Recruitment consultant"
    },
    "Raymond Ramirez":{
        "age":56,
        "address":"Pirkkala",
        "occupation":"Psychologist  sport and exercise"
    },
    "Trevor Campbell":{
        "age":54,
        "address":"Turku",
        "occupation":"Veterinary surgeon"
    },
    "Michelle Powell":{
        "age":30,
        "address":"Pelkosenniemi",
        "occupation":"Hotel manager"
    },
    "Rodney Campbell":{
        "age":33,
        "address":"Haapajarvi",
        "occupation":"Technical author"
    },
    "Anna Campbell":{
        "age":63,
        "address":"Haapavesi",
        "occupation":"Recruitment consultant"
    },
    "Elizabeth Perry":{
        "age":42,
        "address":"Alavieska",
        "occupation":"Animator"
    },
    "Wanda Campbell":{
        "age":61,
        "address":"Siikainen",
        "occupation":"Facilities manager"
    },
    "Yolanda Campbell":{
        "age":31,
        "address":"Kurikka",
        "occupation":"Technical author"
    },
    "Raymond Jones":{
        "age":32,
        "address":"Alavieska",
        "occupation":"Civil engineer  consulting"
    },
    "Linda Franklin":{
        "age":24,
        "address":"Lumijoki",
        "occupation":"Civil engineer  consulting"
    },
    "Carrie Franklin":{
        "age":54,
        "address":"Haapavesi",
        "occupation":"Research officer  political party"
    },
    "Anna Smith":{
        "age":50,
        "address":"Pirkkala",
        "occupation":"Designer  blown glass\/stained glass"
    },
    "Raymond Cline":{
        "age":48,
        "address":"Keuruu",
        "occupation":"Economist"
    },
    "James Underwood":{
        "age":28,
        "address":"Imatra",
        "occupation":"Civil Service administrator"
    },
    "Victoria Franklin":{
        "age":44,
        "address":"Kurikka",
        "occupation":"Hotel manager"
    },
    "Michael Underwood":{
        "age":26,
        "address":"Muurame",
        "occupation":"Civil engineer  consulting"
    },
    "Michael Hughes":{
        "age":39,
        "address":"Keuruu",
        "occupation":"Therapist  occupational"
    },
    "Victoria Martin":{
        "age":39,
        "address":"Alavieska",
        "occupation":"Geologist  engineering"
    },
    "Rodney Smith":{
        "age":26,
        "address":"Narpio",
        "occupation":"Geologist  engineering"
    },
    "Lisa Brown":{
        "age":25,
        "address":"Haapavesi",
        "occupation":"Facilities manager"
    },
    "Lisa Cline":{
        "age":63,
        "address":"Muurame",
        "occupation":"Contracting civil engineer"
    },
    "Linda Combs":{
        "age":21,
        "address":"Somero",
        "occupation":"Animator"
    },
    "Linda Cline":{
        "age":39,
        "address":"Turku",
        "occupation":"Psychologist  sport and exercise"
    },
    "Linda Mason":{
        "age":35,
        "address":"Narpio",
        "occupation":"Veterinary surgeon"
    },
    "David Underwood":{
        "age":61,
        "address":"Narpio",
        "occupation":"Veterinary surgeon"
    },
    "James Perry":{
        "age":36,
        "address":"Lumijoki",
        "occupation":"Technical author"
    },
    "Brandy Perry":{
        "age":33,
        "address":"Muurame",
        "occupation":"Geologist  engineering"
    },
    "Anna Berry":{
        "age":26,
        "address":"Kurikka",
        "occupation":"Economist"
    },
    "Michelle Hughes":{
        "age":62,
        "address":"Askola",
        "occupation":"Civil Service administrator"
    },
    "David Hayes":{
        "age":35,
        "address":"Imatra",
        "occupation":"Hotel manager"
    },
    "Trevor Cline":{
        "age":43,
        "address":"Keuruu",
        "occupation":"Research officer  political party"
    },
    "Anna Jones":{
        "age":32,
        "address":"Keuruu",
        "occupation":"Accountant  chartered public finance"
    },
    "Erin Powell":{
        "age":43,
        "address":"Askola",
        "occupation":"Designer  blown glass\/stained glass"
    },
    "Michael Mason":{
        "age":28,
        "address":"Haapajarvi",
        "occupation":"Microbiologist"
    },
    "Anna Hayes":{
        "age":20,
        "address":"Muurame",
        "occupation":"Research officer  political party"
    },
    "Linda Powell":{
        "age":57,
        "address":"Somero",
        "occupation":"Therapist  occupational"
    },
    "David Powell":{
        "age":49,
        "address":"Alavieska",
        "occupation":"Animator"
    },
    "Jordan Cline":{
        "age":54,
        "address":"Haapavesi",
        "occupation":"Facilities manager"
    },
    "Michelle Berry":{
        "age":43,
        "address":"Imatra",
        "occupation":"Facilities manager"
    },
    "Michael Powell":{
        "age":58,
        "address":"Kontiolahti",
        "occupation":"Research officer  political party"
    },
    "Raymond Franklin":{
        "age":52,
        "address":"Muurame",
        "occupation":"Veterinary surgeon"
    },
    "Linda Underwood":{
        "age":33,
        "address":"Pirkkala",
        "occupation":"Accountant  chartered public finance"
    },
    "Lisa Franklin":{
        "age":58,
        "address":"Muurame",
        "occupation":"Contracting civil engineer"
    },
    "Anna Martin":{
        "age":19,
        "address":"Kontiolahti",
        "occupation":"Microbiologist"
    },
    "Yolanda Berry":{
        "age":59,
        "address":"Muurame",
        "occupation":"Fitness centre manager"
    },
    "Victoria Jones":{
        "age":55,
        "address":"Kurikka",
        "occupation":"Fitness centre manager"
    },
    "Brandy Atkins":{
        "age":24,
        "address":"Keuruu",
        "occupation":"Recruitment consultant"
    },
    "James Jones":{
        "age":20,
        "address":"Imatra",
        "occupation":"Hotel manager"
    },
    "David Brown":{
        "age":45,
        "address":"Haapavesi",
        "occupation":"Animator"
    }
}