{
    "Victoria Powell":{
        "age":49,
        "address":"Pirkkala",
        "occupation":"Accountant  chartered public finance"
    },
    "Jordan Cline":{
        "age":33,
        "address":"Alavieska",
        "occupation":"Psychologist  sport and exercise"
    },
    "Trevor Cline":{
        "age":41,
        "address":"Narpio",
        "occupation":"Contracting civil engineer"
    },
    "Yolanda Hayes":{
        "age":31,
        "address":"Kaskinen",
        "occupation":"Veterinary surgeon"
    },
    "Wanda Martin":{
        "age":44,
        "address":"Askola",
        "occupation":"Hotel manager"
    },
    "Lisa Franklin":{
        "age":19,
        "address":"Askola",
        "occupation":"Civil engineer  consulting"
    },
    "Victoria Cline":{
        "age":50,
        "address":"Kontiolahti",
        "occupation":"Technical author"
    },
    "James Combs":{
        "age":29,
        "address":"Kontiolahti",
        "occupation":"Music tutor"
    },
    "James Mason":{
        "age":19,
        "address":"Haapajarvi",
        "occupation":"Designer  blown glass\/stained glass"
    },
    "Carrie Mason":{
        "age":36,
        "address":"Muurame",
        "occupation":"Recruitment consultant"
    },
    "Linda Franklin":{
        "age":29,
        "address":"Haapajarvi",
        "occupation":"Accountant  chartered public finance"
    },
    "Wanda Ramirez":{
        "age":52,
        "address":"Muurame",
        "occupation":"Recruitment consultant"
    },
    "Lisa Campbell":{
        "age":41,
        "address":"Kurikka",
        "occupation":"Research officer  political party"
    },
    "Raymond Jones":{
        "age":21,
        "address":"Kurikka",
        "occupation":"Therapist  occupational"
    },
    "Linda Hughes":{
        "age":29,
        "address":"Taivassalo",
        "occupation":"Microbiologist"
    },
    "Jordan Johnson":{
        "age":21,
        "address":"Alavieska",
        "occupation":"Veterinary surgeon"
    },
    "Carrie Johnson":{
        "age":31,
        "address":"Taivassalo",
        "occupation":"Recruitment consultant"
    },
    "Johnny Brown":{
        "age":22,
        "address":"Siikainen",
        "occupation":"Microbiologist"
    },
    "James Franklin":{
        "age":35,
        "address":"Kontiolahti",
        "occupation":"Research officer  political party"
    },
    "Michelle Combs":{
        "age":25,
        "address":"Siikainen",
        "occupation":"Accountant  chartered public finance"
    },
    "James Atkins":{
        "age":30,
        "address":"Somero",
        "occupation":"Music tutor"
    },
    "Lisa Hughes":{
        "age":58,
        "address":"Siikainen",
        "occupation":"Psychologist  sport and exercise"
    },
    "Tim Mason":{
        "age":53,
        "address":"Kontiolahti",
        "occupation":"Music tutor"
    },
    "Wanda Brown":{
        "age":57,
        "address":"Haapajarvi",
        "occupation":"Microbiologist"
    },
    "Tim Hughes":{
        "age":57,
        "address":"Haapajarvi",
        "occupation":"Therapist  occupational"
    },
    "Victoria Perry":{
        "age":51,
        "address":"Turku",
        "occupation":"Music tutor"
    },
    "Michael Underwood":{
        "age":30,
        "address":"Kaskinen",
        "occupation":"Accountant  chartered public finance"
    },
    "James Brown":{
        "age":33,
        "address":"Keuruu",
        "occupation":"Civil engineer  consulting"
    },
    "James Campbell":{
        "age":40,
        "address":"Siikainen",
        "occupation":"Technical author"
    },
    "Johnny Underwood":{
        "age":56,
        "address":"Muurame",
        "occupation":"Hotel manager"
    },
    "Anna Perry":{
        "age":24,
        "address":"Imatra",
        "occupation":"Technical author"
    },
    "David Martin":{
        "age":53,
        "address":"Alavieska",
        "occupation":"Animator"
    },
    "Trevor Berry":{
        "age":33,
        "address":"Imatra",
        "occupation":"Microbiologist"
    },
    "Brandy Powell":{
        "age":35,
        "address":"Pirkkala",
        "occupation":"Hotel manager"
    },
    "David Franklin":{
        "age":28,
        "address":"Haapajarvi",
        "occupation":"Accountant  chartered public finance"
    },
    "David Ramirez":{
        "age":61,
        "address":"Pelkosenniemi",
        "occupation":"Technical author"
    },
    "Brandy Combs":{
        "age":60,
        "address":"Taivassalo",
        "occupation":"Microbiologist"
    },
    "Wanda Atkins":{
        "age":43,
        "address":"Imatra",
        "occupation":"Therapist  occupational"
    },
    "Elizabeth Smith":{
        "age":51,
        "address":"Siikainen",
        "occupation":"Animator"
    },
    "Jordan Atkins":{
        "age":56,
        "address":"Taivassalo",
        "occupation":"Geologist  engineering"
    },
    "Brandy Campbell":{
        "age":38,
        "address":"Lumijoki",
        "occupation":"Recruitment consultant"
    },
    "Brandy Cline":{
        "age":46,
        "address":"Turku",
        "occupation":"Music tutor"
    },
    "Erin Hughes":{
        "age":19,
        "address":"Pelkosenniemi",
        "occupation":"Animator"
    },
    "Michelle Brown":{
        "age":33,
        "address":"Somero",
        "occupation":"Contracting civil engineer"
    },
    "Rodney Campbell":{
        "age":39,
        "address":"Haapajarvi",
        "occupation":"Fitness centre manager"
    },
    "Jordan Combs":{
        "age":34,
        "address":"Kontiolahti",
        "occupation":"Civil Service administrator"
    },
    "Carrie Atkins":{
        "age":61,
        "address":"Lumijoki",
        "occupation":"Geologist  engineering"
    },
    "Michael Mason":{
        "age":47,
        "address":"Haapavesi",
        "occupation":"Therapist  occupational"
    },
    "Yolanda Knox":{
        "age":31,
        "address":"Haapavesi",
        "occupation":"Psychologist  sport and exercise"
    },
    "Johnny Martin":{
        "age":23,
        "address":"Lumijoki",
        "occupation":"Civil Service administrator"
    },
    "Victoria Campbell":{
        "age":47,
        "address":"Taivassalo",
        "occupation":"Geologist  engineering"
    },
    "Tim Ramirez":{
        "age":52,
        "address":"Alavieska",
        "occupation":"Civil Service administrator"
    },
    "David Knox":{
        "age":19,
        "address":"Kontiolahti",
        "occupation":"Recruitment consultant"
    },
    "Elizabeth Underwood":{
        "age":23,
        "address":"Kurikka",
        "occupation":"Microbiologist"
    },
    "Michael Atkins":{
        "age":30,
        "address":"Kurikka",
        "occupation":"Civil engineer  consulting"
    },
    "Raymond Martin":{
        "age":28,
        "address":"Imatra",
        "occupation":"Designer  blown glass\/stained glass"
    },
    "Raymond Underwood":{
        "age":27,
        "address":"Kontiolahti",
        "occupation":"Research officer  political party"
    },
    "Jordan Jones":{
        "age":55,
        "address":"Kaskinen",
        "occupation":"Animator"
    },
    "Trevor Jones":{
        "age":31,
        "address":"Pelkosenniemi",
        "occupation":"Fitness centre manager"
    },
    "Lisa Hayes":{
        "age":51,
        "address":"Loimaa",
        "occupation":"Research officer  political party"
    },
    "Yolanda Franklin":{
        "age":50,
        "address":"Turku",
        "occupation":"Civil Service administrator"
    },
    "Michael Martin":{
        "age":36,
        "address":"Taivassalo",
        "occupation":"Recruitment consultant"
    },
    "Elizabeth Martin":{
        "age":19,
        "address":"Narpio",
        "occupation":"Recruitment consultant"
    },
    "David Underwood":{
        "age":63,
        "address":"Haapajarvi",
        "occupation":"Civil engineer  consulting"
    },
    "Carrie Perry":{
        "age":33,
        "address":"Askola",
        "occupation":"Contracting civil engineer"
    },
    "Wanda Berry":{
        "age":24,
        "address":"Kontiolahti",
        "occupation":"Facilities manager"
    },
    "Rodney Underwood":{
        "age":49,
        "address":"Pelkosenniemi",
        "occupation":"Music tutor"
    },
    "Yolanda Powell":{
        "age":33,
        "address":"Narpio",
        "occupation":"Psychologist  sport and exercise"
    },
    "Tim Underwood":{
        "age":39,
        "address":"Somero",
        "occupation":"Economist"
    },
    "Michelle Jones":{
        "age":27,
        "address":"Alavieska",
        "occupation":"Designer  blown glass\/stained glass"
    },
    "Elizabeth Perry":{
        "age":50,
        "address":"Kaskinen",
        "occupation":"Animator"
    },
    "Tim Combs":{
        "age":33,
        "address":"Kaskinen",
        "occupation":"Microbiologist"
    },
    "Johnny Jones":{
        "age":30,
        "address":"Haapavesi",
        "occupation":"Designer  blown glass\/stained glass"
    },
    "Linda Brown":{
        "age":34,
        "address":"Keuruu",
        "occupation":"Economist"
    },
    "Johnny Smith":{
        "age":28,
        "address":"Pelkosenniemi",
        "occupation":"Facilities manager"
    },
    "Jordan Underwood":{
        "age":24,
        "address":"Haapajarvi",
        "occupation":"Geologist  engineering"
    },
    "Trevor Franklin":{
        "age":57,
        "address":"Kontiolahti",
        "occupation":"Civil engineer  consulting"
    },
    "Tim Cline":{
        "age":46,
        "address":"Loimaa",
        "occupation":"Facilities manager"
    },
    "Carrie Combs":{
        "age":56,
        "address":"Keuruu",
        "occupation":"Technical author"
    },
    "Yolanda Jones":{
        "age":24,
        "address":"Askola",
        "occupation":"Microbiologist"
    },
    "Lisa Johnson":{
        "age":39,
        "address":"Somero",
        "occupation":"Music tutor"
    },
    "Michael Smith":{
        "age":56,
        "address":"Lumijoki",
        "occupation":"Music tutor"
    },
    "Victoria Martin":{
        "age":56,
        "address":"Pelkosenniemi",
        "occupation":"Accountant  chartered public finance"
    },
    "Linda Smith":{
        "age":23,
        "address":"Turku",
        "occupation":"Contracting civil engineer"
    },
    "Carrie Hughes":{
        "age":50,
        "address":"Askola",
        "occupation":"Therapist  occupational"
    },
    "Johnny Knox":{
        "age":48,
        "address":"Muurame",
        "occupation":"Animator"
    },
    "Brandy Hayes":{
        "age":28,
        "address":"Siikainen",
        "occupation":"Contracting civil engineer"
    },
    "Wanda Knox":{
        "age":19,
        "address":"Imatra",
        "occupation":"Research officer  political party"
    },
    "Jordan Knox":{
        "age":41,
        "address":"Askola",
        "occupation":"Therapist  occupational"
    },
    "Trevor Hughes":{
        "age":43,
        "address":"Pelkosenniemi",
        "occupation":"Animator"
    },
    "Johnny Mason":{
        "age":60,
        "address":"Kurikka",
        "occupation":"Economist"
    },
    "Anna Hayes":{
        "age":59,
        "address":"Haapavesi",
        "occupation":"Research officer  political party"
    }
}