{
    "Michael Knox":{
        "age":19,
        "address":"Kontiolahti",
        "occupation":"Civil engineer  consulting"
    },
    "Linda Campbell":{
        "age":37,
        "address":"Narpio",
        "occupation":"Animator"
    },
    "Trevor Berry":{
        "age":58,
        "address":"Narpio",
        "occupation":"Veterinary surgeon"
    },
    "Erin Hayes":{
        "age":33,
        "address":"Askola",
        "occupation":"Accountant  chartered public finance"
    },
    "Michelle Franklin":{
        "age":47,
        "address":"Somero",
        "occupation":"Microbiologist"
    },
    "Linda Martin":{
        "age":33,
        "address":"Haapavesi",
        "occupation":"Animator"
    },
    "Brandy Hughes":{
        "age":49,
        "address":"Kaskinen",
        "occupation":"Geologist  engineering"
    },
    "Wanda Campbell":{
        "age":47,
        "address":"Keuruu",
        "occupation":"Technical author"
    },
    "Rodney Johnson":{
        "age":39,
        "address":"Imatra",
        "occupation":"Research officer  political party"
    },
    "Victoria Underwood":{
        "age":29,
        "address":"Haapajarvi",
        "occupation":"Technical author"
    },
    "Brandy Cline":{
        "age":54,
        "address":"Narpio",
        "occupation":"Animator"
    },
    "Tim Campbell":{
        "age":45,
        "address":"Haapavesi",
        "occupation":"Civil Service administrator"
    },
    "Victoria Franklin":{
        "age":23,
        "address":"Siikainen",
        "occupation":"Recruitment consultant"
    },
    "Raymond Berry":{
        "age":40,
        "address":"Lumijoki",
        "occupation":"Civil engineer  consulting"
    },
    "Jordan Johnson":{
        "age":61,
        "address":"Kaskinen",
        "occupation":"Hotel manager"
    },
    "Carrie Knox":{
        "age":27,
        "address":"Haapavesi",
        "occupation":"Psychologist  sport and exercise"
    },
    "Tim Martin":{
        "age":37,
        "address":"Kaskinen",
        "occupation":"Music tutor"
    },
    "Victoria Berry":{
        "age":20,
        "address":"Kontiolahti",
        "occupation":"Geologist  engineering"
    },
    "Brandy Combs":{
        "age":36,
        "address":"Narpio",
        "occupation":"Research officer  political party"
    },
    "Carrie Campbell":{
        "age":54,
        "address":"Kontiolahti",
        "occupation":"Research officer  political party"
    },
    "Lisa Johnson":{
        "age":43,
        "address":"Askola",
        "occupation":"Accountant  chartered public finance"
    },
    "Wanda Johnson":{
        "age":32,
        "address":"Kontiolahti",
        "occupation":"Recruitment consultant"
    },
    "Elizabeth Campbell":{
        "age":38,
        "address":"Haapajarvi",
        "occupation":"Veterinary surgeon"
    },
    "Carrie Hughes":{
        "age":20,
        "address":"Turku",
        "occupation":"Music tutor"
    },
    "Johnny Brown":{
        "age":19,
        "address":"Taivassalo",
        "occupation":"Research officer  political party"
    },
    "Raymond Ramirez":{
        "age":58,
        "address":"Kontiolahti",
        "occupation":"Designer  blown glass\/stained glass"
    },
    "Tim Knox":{
        "age":61,
        "address":"Haapavesi",
        "occupation":"Psychologist  sport and exercise"
    },
    "Lisa Berry":{
        "age":41,
        "address":"Imatra",
        "occupation":"Psychologist  sport and exercise"
    },
    "Johnny Smith":{
        "age":25,
        "address":"Narpio",
        "occupation":"Technical author"
    },
    "Yolanda Mason":{
        "age":34,
        "address":"Turku",
        "occupation":"Designer  blown glass\/stained glass"
    },
    "James Hughes":{
        "age":33,
        "address":"Haapavesi",
        "occupation":"Music tutor"
    },
    "Anna Hughes":{
        "age":58,
        "address":"Lumijoki",
        "occupation":"Animator"
    },
    "Yolanda Combs":{
        "age":20,
        "address":"Narpio",
        "occupation":"Research officer  political party"
    },
    "Victoria Jones":{
        "age":30,
        "address":"Kurikka",
        "occupation":"Facilities manager"
    },
    "Raymond Atkins":{
        "age":50,
        "address":"Kurikka",
        "occupation":"Designer  blown glass\/stained glass"
    },
    "Wanda Jones":{
        "age":38,
        "address":"Kontiolahti",
        "occupation":"Designer  blown glass\/stained glass"
    },
    "Trevor Ramirez":{
        "age":28,
        "address":"Keuruu",
        "occupation":"Music tutor"
    },
    "Brandy Johnson":{
        "age":63,
        "address":"Kontiolahti",
        "occupation":"Accountant  chartered public finance"
    },
    "Raymond Underwood":{
        "age":39,
        "address":"Kaskinen",
        "occupation":"Veterinary surgeon"
    },
    "James Underwood":{
        "age":26,
        "address":"Pelkosenniemi",
        "occupation":"Civil engineer  consulting"
    },
    "Carrie Jones":{
        "age":23,
        "address":"Pelkosenniemi",
        "occupation":"Economist"
    },
    "Johnny Combs":{
        "age":57,
        "address":"Imatra",
        "occupation":"Designer  blown glass\/stained glass"
    },
    "Anna Ramirez":{
        "age":59,
        "address":"Siikainen",
        "occupation":"Recruitment consultant"
    },
    "Victoria Cline":{
        "age":36,
        "address":"Kontiolahti",
        "occupation":"Civil Service administrator"
    },
    "Trevor Knox":{
        "age":26,
        "address":"Kurikka",
        "occupation":"Technical author"
    },
    "Lisa Knox":{
        "age":21,
        "address":"Somero",
        "occupation":"Veterinary surgeon"
    },
    "Anna Jones":{
        "age":43,
        "address":"Taivassalo",
        "occupation":"Fitness centre manager"
    },
    "David Knox":{
        "age":53,
        "address":"Kaskinen",
        "occupation":"Technical author"
    },
    "Jordan Underwood":{
        "age":19,
        "address":"Kontiolahti",
        "occupation":"Microbiologist"
    },
    "Linda Perry":{
        "age":52,
        "address":"Taivassalo",
        "occupation":"Psychologist  sport and exercise"
    },
    "David Martin":{
        "age":21,
        "address":"Loimaa",
        "occupation":"Geologist  engineering"
    },
    "Erin Powell":{
        "age":58,
        "address":"Taivassalo",
        "occupation":"Facilities manager"
    },
    "Linda Franklin":{
        "age":49,
        "address":"Taivassalo",
        "occupation":"Geologist  engineering"
    },
    "Wanda Hughes":{
        "age":48,
        "address":"Narpio",
        "occupation":"Contracting civil engineer"
    },
    "Rodney Hayes":{
        "age":50,
        "address":"Turku",
        "occupation":"Designer  blown glass\/stained glass"
    },
    "Michelle Jones":{
        "age":22,
        "address":"Haapavesi",
        "occupation":"Animator"
    },
    "Trevor Hughes":{
        "age":59,
        "address":"Pelkosenniemi",
        "occupation":"Hotel manager"
    },
    "Linda Hayes":{
        "age":34,
        "address":"Imatra",
        "occupation":"Psychologist  sport and exercise"
    },
    "Johnny Berry":{
        "age":39,
        "address":"Kaskinen",
        "occupation":"Accountant  chartered public finance"
    },
    "Linda Johnson":{
        "age":62,
        "address":"Imatra",
        "occupation":"Research officer  political party"
    },
    "Carrie Underwood":{
        "age":33,
        "address":"Kurikka",
        "occupation":"Psychologist  sport and exercise"
    },
    "Jordan Powell":{
        "age":43,
        "address":"Pelkosenniemi",
        "occupation":"Facilities manager"
    },
    "David Smith":{
        "age":38,
        "address":"Siikainen",
        "occupation":"Music tutor"
    },
    "Michael Brown":{
        "age":49,
        "address":"Somero",
        "occupation":"Hotel manager"
    },
    "Michael Powell":{
        "age":21,
        "address":"Turku",
        "occupation":"Contracting civil engineer"
    },
    "Tim Underwood":{
        "age":34,
        "address":"Taivassalo",
        "occupation":"Geologist  engineering"
    },
    "Erin Johnson":{
        "age":46,
        "address":"Turku",
        "occupation":"Recruitment consultant"
    },
    "Elizabeth Mason":{
        "age":62,
        "address":"Kurikka",
        "occupation":"Recruitment consultant"
    },
    "Linda Powell":{
        "age":26,
        "address":"Kontiolahti",
        "occupation":"Geologist  engineering"
    },
    "Yolanda Berry":{
        "age":42,
        "address":"Pirkkala",
        "occupation":"Contracting civil engineer"
    },
    "Brandy Underwood":{
        "age":23,
        "address":"Imatra",
        "occupation":"Animator"
    },
    "Michelle Hughes":{
        "age":26,
        "address":"Turku",
        "occupation":"Veterinary surgeon"
    },
    "Erin Smith":{
        "age":61,
        "address":"Muurame",
        "occupation":"Research officer  political party"
    },
    "Michelle Knox":{
        "age":59,
        "address":"Pirkkala",
        "occupation":"Recruitment consultant"
    },
    "Johnny Johnson":{
        "age":48,
        "address":"Muurame",
        "occupation":"Contracting civil engineer"
    },
    "Rodney Underwood":{
        "age":62,
        "address":"Kaskinen",
        "occupation":"Therapist  occupational"
    },
    "Rodney Atkins":{
        "age":46,
        "address":"Imatra",
        "occupation":"Contracting civil engineer"
    },
    "Jordan Knox":{
        "age":62,
        "address":"Kontiolahti",
        "occupation":"Animator"
    },
    "Carrie Johnson":{
        "age":54,
        "address":"Haapavesi",
        "occupation":"Microbiologist"
    },
    "Linda Cline":{
        "age":46,
        "address":"Kurikka",
        "occupation":"Contracting civil engineer"
    },
    "Rodney Smith":{
        "age":24,
        "address":"Kontiolahti",
        "occupation":"Recruitment consultant"
    },
    "Raymond Jones":{
        "age":36,
        "address":"Siikainen",
        "occupation":"Psychologist  sport and exercise"
    },
    "Elizabeth Jones":{
        "age":57,
        "address":"Imatra",
        "occupation":"Veterinary surgeon"
    },
    "Michelle Ramirez":{
        "age":30,
        "address":"Askola",
        "occupation":"Research officer  political party"
    },
    "David Ramirez":{
        "age":40,
        "address":"Turku",
        "occupation":"Microbiologist"
    },
    "Trevor Underwood":{
        "age":33,
        "address":"Pelkosenniemi",
        "occupation":"Music tutor"
    },
    "Michael Campbell":{
        "age":19,
        "address":"Keuruu",
        "occupation":"Animator"
    },
    "Trevor Perry":{
        "age":57,
        "address":"Turku",
        "occupation":"Contracting civil engineer"
    },
    "Victoria Martin":{
        "age":43,
        "address":"Turku",
        "occupation":"Contracting civil engineer"
    },
    "Anna Underwood":{
        "age":31,
        "address":"Narpio",
        "occupation":"Music tutor"
    }
}