{
    "Brandy Brown":{
        "age":48,
        "address":"Somero",
        "occupation":"Fitness centre manager"
    },
    "Erin Brown":{
        "age":60,
        "address":"Askola",
        "occupation":"Geologist  engineering"
    },
    "Michael Powell":{
        "age":59,
        "address":"Lumijoki",
        "occupation":"Designer  blown glass\/stained glass"
    },
    "Linda Smith":{
        "age":47,
        "address":"Somero",
        "occupation":"Hotel manager"
    },
    "Rodney Smith":{
        "age":52,
        "address":"Keuruu",
        "occupation":"Hotel manager"
    },
    "Yolanda Franklin":{
        "age":56,
        "address":"Taivassalo",
        "occupation":"Recruitment consultant"
    },
    "Trevor Knox":{
        "age":34,
        "address":"Pelkosenniemi",
        "occupation":"Research officer  political party"
    },
    "Victoria Martin":{
        "age":47,
        "address":"Taivassalo",
        "occupation":"Therapist  occupational"
    },
    "Raymond Brown":{
        "age":37,
        "address":"Kontiolahti",
        "occupation":"Economist"
    },
    "Anna Brown":{
        "age":32,
        "address":"Turku",
        "occupation":"Hotel manager"
    },
    "Johnny Underwood":{
        "age":29,
        "address":"Narpio",
        "occupation":"Civil Service administrator"
    },
    "Brandy Campbell":{
        "age":52,
        "address":"Turku",
        "occupation":"Recruitment consultant"
    },
    "Wanda Hayes":{
        "age":62,
        "address":"Siikainen",
        "occupation":"Civil Service administrator"
    },
    "David Perry":{
        "age":23,
        "address":"Imatra",
        "occupation":"Geologist  engineering"
    },
    "Victoria Berry":{
        "age":34,
        "address":"Narpio",
        "occupation":"Economist"
    },
    "Carrie Atkins":{
        "age":56,
        "address":"Turku",
        "occupation":"Research officer  political party"
    },
    "James Ramirez":{
        "age":22,
        "address":"Loimaa",
        "occupation":"Economist"
    },
    "Michael Atkins":{
        "age":40,
        "address":"Haapajarvi",
        "occupation":"Facilities manager"
    },
    "Carrie Ramirez":{
        "age":55,
        "address":"Askola",
        "occupation":"Facilities manager"
    },
    "Michelle Hughes":{
        "age":34,
        "address":"Narpio",
        "occupation":"Technical author"
    },
    "Tim Brown":{
        "age":39,
        "address":"Kaskinen",
        "occupation":"Contracting civil engineer"
    },
    "Johnny Berry":{
        "age":42,
        "address":"Pelkosenniemi",
        "occupation":"Designer  blown glass\/stained glass"
    },
    "Brandy Mason":{
        "age":53,
        "address":"Narpio",
        "occupation":"Accountant  chartered public finance"
    },
    "David Knox":{
        "age":60,
        "address":"Muurame",
        "occupation":"Accountant  chartered public finance"
    },
    "Lisa Smith":{
        "age":31,
        "address":"Siikainen",
        "occupation":"Music tutor"
    },
    "Elizabeth Knox":{
        "age":51,
        "address":"Somero",
        "occupation":"Animator"
    },
    "Elizabeth Ramirez":{
        "age":25,
        "address":"Taivassalo",
        "occupation":"Psychologist  sport and exercise"
    },
    "Linda Perry":{
        "age":56,
        "address":"Kontiolahti",
        "occupation":"Technical author"
    },
    "Linda Knox":{
        "age":53,
        "address":"Imatra",
        "occupation":"Psychologist  sport and exercise"
    },
    "Johnny Johnson":{
        "age":23,
        "address":"Somero",
        "occupation":"Veterinary surgeon"
    },
    "Michelle Atkins":{
        "age":61,
        "address":"Askola",
        "occupation":"Research officer  political party"
    },
    "Jordan Johnson":{
        "age":47,
        "address":"Pirkkala",
        "occupation":"Contracting civil engineer"
    },
    "Carrie Hughes":{
        "age":28,
        "address":"Siikainen",
        "occupation":"Accountant  chartered public finance"
    },
    "Linda Cline":{
        "age":41,
        "address":"Turku",
        "occupation":"Recruitment consultant"
    },
    "Jordan Brown":{
        "age":43,
        "address":"Alavieska",
        "occupation":"Civil Service administrator"
    },
    "Brandy Powell":{
        "age":55,
        "address":"Pirkkala",
        "occupation":"Microbiologist"
    },
    "Victoria Mason":{
        "age":62,
        "address":"Kontiolahti",
        "occupation":"Veterinary surgeon"
    },
    "Tim Johnson":{
        "age":50,
        "address":"Askola",
        "occupation":"Music tutor"
    },
    "Wanda Brown":{
        "age":60,
        "address":"Lumijoki",
        "occupation":"Microbiologist"
    },
    "Wanda Berry":{
        "age":21,
        "address":"Pelkosenniemi",
        "occupation":"Accountant  chartered public finance"
    },
    "Tim Franklin":{
        "age":39,
        "address":"Imatra",
        "occupation":"Civil Service administrator"
    },
    "Anna Hayes":{
        "age":32,
        "address":"Haapajarvi",
        "occupation":"Civil Service administrator"
    },
    "Carrie Hayes":{
        "age":61,
        "address":"Haapavesi",
        "occupation":"Music tutor"
    },
    "Brandy Hayes":{
        "age":33,
        "address":"Turku",
        "occupation":"Psychologist  sport and exercise"
    },
    "Raymond Powell":{
        "age":33,
        "address":"Pelkosenniemi",
        "occupation":"Accountant  chartered public finance"
    },
    "Wanda Jones":{
        "age":25,
        "address":"Loimaa",
        "occupation":"Designer  blown glass\/stained glass"
    },
    "Linda Brown":{
        "age":30,
        "address":"Alavieska",
        "occupation":"Research officer  political party"
    },
    "Michael Knox":{
        "age":45,
        "address":"Muurame",
        "occupation":"Economist"
    },
    "Anna Underwood":{
        "age":63,
        "address":"Somero",
        "occupation":"Animator"
    },
    "Yolanda Atkins":{
        "age":48,
        "address":"Askola",
        "occupation":"Therapist  occupational"
    },
    "Trevor Hayes":{
        "age":34,
        "address":"Keuruu",
        "occupation":"Veterinary surgeon"
    },
    "James Campbell":{
        "age":55,
        "address":"Askola",
        "occupation":"Facilities manager"
    },
    "James Atkins":{
        "age":37,
        "address":"Pirkkala",
        "occupation":"Civil Service administrator"
    },
    "Elizabeth Martin":{
        "age":35,
        "address":"Lumijoki",
        "occupation":"Therapist  occupational"
    },
    "Yolanda Berry":{
        "age":21,
        "address":"Pirkkala",
        "occupation":"Economist"
    },
    "Michael Perry":{
        "age":53,
        "address":"Kaskinen",
        "occupation":"Psychologist  sport and exercise"
    },
    "Brandy Atkins":{
        "age":60,
        "address":"Kaskinen",
        "occupation":"Designer  blown glass\/stained glass"
    },
    "Michael Combs":{
        "age":35,
        "address":"Somero",
        "occupation":"Microbiologist"
    },
    "Michelle Perry":{
        "age":38,
        "address":"Imatra",
        "occupation":"Accountant  chartered public finance"
    },
    "Carrie Campbell":{
        "age":58,
        "address":"Somero",
        "occupation":"Accountant  chartered public finance"
    },
    "James Cline":{
        "age":42,
        "address":"Narpio",
        "occupation":"Fitness centre manager"
    },
    "Carrie Jones":{
        "age":24,
        "address":"Loimaa",
        "occupation":"Veterinary surgeon"
    },
    "Anna Martin":{
        "age":35,
        "address":"Pelkosenniemi",
        "occupation":"Recruitment consultant"
    },
    "Tim Hayes":{
        "age":33,
        "address":"Lumijoki",
        "occupation":"Recruitment consultant"
    },
    "Victoria Brown":{
        "age":33,
        "address":"Kontiolahti",
        "occupation":"Contracting civil engineer"
    },
    "Victoria Underwood":{
        "age":33,
        "address":"Loimaa",
        "occupation":"Designer  blown glass\/stained glass"
    },
    "Lisa Ramirez":{
        "age":62,
        "address":"Haapajarvi",
        "occupation":"Animator"
    },
    "Johnny Brown":{
        "age":45,
        "address":"Haapavesi",
        "occupation":"Civil Service administrator"
    },
    "Jordan Franklin":{
        "age":62,
        "address":"Narpio",
        "occupation":"Therapist  occupational"
    },
    "Wanda Cline":{
        "age":63,
        "address":"Kaskinen",
        "occupation":"Technical author"
    },
    "Michael Johnson":{
        "age":52,
        "address":"Haapavesi",
        "occupation":"Music tutor"
    },
    "Wanda Johnson":{
        "age":58,
        "address":"Askola",
        "occupation":"Psychologist  sport and exercise"
    },
    "Brandy Martin":{
        "age":20,
        "address":"Askola",
        "occupation":"Civil engineer  consulting"
    },
    "James Martin":{
        "age":31,
        "address":"Siikainen",
        "occupation":"Therapist  occupational"
    },
    "Rodney Cline":{
        "age":35,
        "address":"Taivassalo",
        "occupation":"Technical author"
    },
    "Raymond Mason":{
        "age":41,
        "address":"Haapajarvi",
        "occupation":"Psychologist  sport and exercise"
    },
    "Michael Smith":{
        "age":21,
        "address":"Haapavesi",
        "occupation":"Technical author"
    },
    "Tim Smith":{
        "age":51,
        "address":"Kontiolahti",
        "occupation":"Designer  blown glass\/stained glass"
    },
    "Jordan Smith":{
        "age":43,
        "address":"Siikainen",
        "occupation":"Technical author"
    },
    "Brandy Combs":{
        "age":30,
        "address":"Turku",
        "occupation":"Veterinary surgeon"
    },
    "Wanda Knox":{
        "age":61,
        "address":"Lumijoki",
        "occupation":"Facilities manager"
    },
    "David Smith":{
        "age":39,
        "address":"Kaskinen",
        "occupation":"Technical author"
    },
    "Victoria Ramirez":{
        "age":35,
        "address":"Kontiolahti",
        "occupation":"Geologist  engineering"
    },
    "Carrie Underwood":{
        "age":48,
        "address":"Keuruu",
        "occupation":"Civil Service administrator"
    },
    "Trevor Hughes":{
        "age":37,
        "address":"Imatra",
        "occupation":"Civil Service administrator"
    },
    "Michael Mason":{
        "age":24,
        "address":"Lumijoki",
        "occupation":"Animator"
    },
    "Tim Hughes":{
        "age":61,
        "address":"Loimaa",
        "occupation":"Accountant  chartered public finance"
    },
    "David Martin":{
        "age":45,
        "address":"Lumijoki",
        "occupation":"Music tutor"
    },
    "Brandy Knox":{
        "age":55,
        "address":"Pelkosenniemi",
        "occupation":"Veterinary surgeon"
    },
    "James Brown":{
        "age":61,
        "address":"Somero",
        "occupation":"Veterinary surgeon"
    },
    "Erin Ramirez":{
        "age":29,
        "address":"Kaskinen",
        "occupation":"Accountant  chartered public finance"
    },
    "Rodney Hughes":{
        "age":43,
        "address":"Kaskinen",
        "occupation":"Fitness centre manager"
    }
}