{
    "Wanda Underwood":{
        "age":36,
        "address":"Turku",
        "occupation":"Designer  blown glass\/stained glass"
    },
    "Michael Hughes":{
        "age":26,
        "address":"Taivassalo",
        "occupation":"Music tutor"
    },
    "James Hayes":{
        "age":59,
        "address":"Narpio",
        "occupation":"Animator"
    },
    "James Underwood":{
        "age":41,
        "address":"Pelkosenniemi",
        "occupation":"Animator"
    },
    "Rodney Perry":{
        "age":38,
        "address":"Kaskinen",
        "occupation":"Civil engineer  consulting"
    },
    "Wanda Atkins":{
        "age":31,
        "address":"Lumijoki",
        "occupation":"Psychologist  sport and exercise"
    },
    "James Berry":{
        "age":59,
        "address":"Lumijoki",
        "occupation":"Music tutor"
    },
    "Carrie Berry":{
        "age":56,
        "address":"Siikainen",
        "occupation":"Research officer  political party"
    },
    "Yolanda Brown":{
        "age":41,
        "address":"Imatra",
        "occupation":"Economist"
    },
    "Brandy Hayes":{
        "age":29,
        "address":"Kurikka",
        "occupation":"Veterinary surgeon"
    },
    "Erin Franklin":{
        "age":61,
        "address":"Kontiolahti",
        "occupation":"Accountant  chartered public finance"
    },
    "Raymond Powell":{
        "age":60,
        "address":"Somero",
        "occupation":"Accountant  chartered public finance"
    },
    "Elizabeth Martin":{
        "age":57,
        "address":"Turku",
        "occupation":"Designer  blown glass\/stained glass"
    },
    "Anna Jones":{
        "age":53,
        "address":"Haapavesi",
        "occupation":"Music tutor"
    },
    "Tim Berry":{
        "age":47,
        "address":"Askola",
        "occupation":"Music tutor"
    },
    "Brandy Jones":{
        "age":27,
        "address":"Turku",
        "occupation":"Accountant  chartered public finance"
    },
    "Johnny Berry":{
        "age":23,
        "address":"Pirkkala",
        "occupation":"Hotel manager"
    },
    "Yolanda Johnson":{
        "age":46,
        "address":"Pelkosenniemi",
        "occupation":"Recruitment consultant"
    },
    "Rodney Johnson":{
        "age":46,
        "address":"Lumijoki",
        "occupation":"Animator"
    },
    "Yolanda Combs":{
        "age":57,
        "address":"Haapajarvi",
        "occupation":"Veterinary surgeon"
    },
    "Victoria Knox":{
        "age":50,
        "address":"Lumijoki",
        "occupation":"Research officer  political party"
    },
    "Victoria Berry":{
        "age":59,
        "address":"Taivassalo",
        "occupation":"Economist"
    },
    "David Combs":{
        "age":33,
        "address":"Kurikka",
        "occupation":"Microbiologist"
    },
    "Carrie Powell":{
        "age":51,
        "address":"Alavieska",
        "occupation":"Designer  blown glass\/stained glass"
    },
    "Johnny Johnson":{
        "age":29,
        "address":"Siikainen",
        "occupation":"Fitness centre manager"
    },
    "Raymond Mason":{
        "age":29,
        "address":"Kurikka",
        "occupation":"Therapist  occupational"
    },
    "Michael Atkins":{
        "age":21,
        "address":"Keuruu",
        "occupation":"Music tutor"
    },
    "Lisa Cline":{
        "age":28,
        "address":"Loimaa",
        "occupation":"Animator"
    },
    "Lisa Jones":{
        "age":53,
        "address":"Siikainen",
        "occupation":"Psychologist  sport and exercise"
    },
    "Linda Ramirez":{
        "age":58,
        "address":"Askola",
        "occupation":"Facilities manager"
    },
    "Michelle Combs":{
        "age":22,
        "address":"Muurame",
        "occupation":"Music tutor"
    },
    "Brandy Underwood":{
        "age":46,
        "address":"Kaskinen",
        "occupation":"Facilities manager"
    },
    "Linda Combs":{
        "age":21,
        "address":"Narpio",
        "occupation":"Technical author"
    },
    "Jordan Hughes":{
        "age":36,
        "address":"Kontiolahti",
        "occupation":"Animator"
    },
    "Carrie Hayes":{
        "age":23,
        "address":"Pirkkala",
        "occupation":"Civil engineer  consulting"
    },
    "Elizabeth Ramirez":{
        "age":45,
        "address":"Siikainen",
        "occupation":"Hotel manager"
    },
    "Jordan Ramirez":{
        "age":51,
        "address":"Imatra",
        "occupation":"Recruitment consultant"
    },
    "Michelle Perry":{
        "age":34,
        "address":"Muurame",
        "occupation":"Psychologist  sport and exercise"
    },
    "Trevor Smith":{
        "age":30,
        "address":"Somero",
        "occupation":"Accountant  chartered public finance"
    },
    "Yolanda Knox":{
        "age":40,
        "address":"Lumijoki",
        "occupation":"Psychologist  sport and exercise"
    },
    "Victoria Atkins":{
        "age":53,
        "address":"Loimaa",
        "occupation":"Facilities manager"
    },
    "Anna Brown":{
        "age":41,
        "address":"Kurikka",
        "occupation":"Music tutor"
    },
    "Rodney Cline":{
        "age":49,
        "address":"Loimaa",
        "occupation":"Research officer  political party"
    },
    "Tim Atkins":{
        "age":25,
        "address":"Kontiolahti",
        "occupation":"Civil Service administrator"
    },
    "David Atkins":{
        "age":60,
        "address":"Kurikka",
        "occupation":"Psychologist  sport and exercise"
    },
    "Yolanda Perry":{
        "age":53,
        "address":"Kontiolahti",
        "occupation":"Designer  blown glass\/stained glass"
    },
    "Michael Johnson":{
        "age":34,
        "address":"Turku",
        "occupation":"Animator"
    },
    "Anna Atkins":{
        "age":59,
        "address":"Haapavesi",
        "occupation":"Fitness centre manager"
    },
    "Wanda Perry":{
        "age":43,
        "address":"Haapavesi",
        "occupation":"Recruitment consultant"
    },
    "Carrie Jones":{
        "age":41,
        "address":"Narpio",
        "occupation":"Psychologist  sport and exercise"
    },
    "Linda Atkins":{
        "age":55,
        "address":"Imatra",
        "occupation":"Music tutor"
    },
    "Victoria Hughes":{
        "age":49,
        "address":"Lumijoki",
        "occupation":"Music tutor"
    },
    "Victoria Franklin":{
        "age":24,
        "address":"Askola",
        "occupation":"Veterinary surgeon"
    },
    "Brandy Hughes":{
        "age":42,
        "address":"Pelkosenniemi",
        "occupation":"Psychologist  sport and exercise"
    },
    "Raymond Brown":{
        "age":60,
        "address":"Kaskinen",
        "occupation":"Research officer  political party"
    },
    "Michael Combs":{
        "age":21,
        "address":"Narpio",
        "occupation":"Music tutor"
    },
    "Johnny Ramirez":{
        "age":45,
        "address":"Lumijoki",
        "occupation":"Hotel manager"
    },
    "Elizabeth Berry":{
        "age":61,
        "address":"Kaskinen",
        "occupation":"Civil Service administrator"
    },
    "Wanda Brown":{
        "age":33,
        "address":"Pelkosenniemi",
        "occupation":"Animator"
    },
    "Yolanda Berry":{
        "age":52,
        "address":"Loimaa",
        "occupation":"Geologist  engineering"
    },
    "Brandy Franklin":{
        "age":57,
        "address":"Imatra",
        "occupation":"Technical author"
    },
    "Trevor Atkins":{
        "age":51,
        "address":"Lumijoki",
        "occupation":"Veterinary surgeon"
    },
    "David Johnson":{
        "age":45,
        "address":"Alavieska",
        "occupation":"Psychologist  sport and exercise"
    },
    "Victoria Underwood":{
        "age":28,
        "address":"Haapajarvi",
        "occupation":"Recruitment consultant"
    },
    "Raymond Johnson":{
        "age":22,
        "address":"Keuruu",
        "occupation":"Facilities manager"
    },
    "Tim Hayes":{
        "age":50,
        "address":"Pelkosenniemi",
        "occupation":"Civil Service administrator"
    },
    "Carrie Johnson":{
        "age":21,
        "address":"Loimaa",
        "occupation":"Recruitment consultant"
    },
    "James Knox":{
        "age":30,
        "address":"Askola",
        "occupation":"Designer  blown glass\/stained glass"
    },
    "Erin Ramirez":{
        "age":21,
        "address":"Kontiolahti",
        "occupation":"Designer  blown glass\/stained glass"
    },
    "Carrie Campbell":{
        "age":44,
        "address":"Siikainen",
        "occupation":"Music tutor"
    },
    "Brandy Cline":{
        "age":33,
        "address":"Siikainen",
        "occupation":"Technical author"
    },
    "Rodney Jones":{
        "age":42,
        "address":"Haapajarvi",
        "occupation":"Facilities manager"
    },
    "Anna Knox":{
        "age":33,
        "address":"Siikainen",
        "occupation":"Hotel manager"
    },
    "Anna Powell":{
        "age":59,
        "address":"Kaskinen",
        "occupation":"Contracting civil engineer"
    },
    "Trevor Franklin":{
        "age":56,
        "address":"Muurame",
        "occupation":"Recruitment consultant"
    },
    "Lisa Martin":{
        "age":43,
        "address":"Haapavesi",
        "occupation":"Contracting civil engineer"
    },
    "Johnny Martin":{
        "age":60,
        "address":"Alavieska",
        "occupation":"Designer  blown glass\/stained glass"
    },
    "David Hayes":{
        "age":63,
        "address":"Taivassalo",
        "occupation":"Veterinary surgeon"
    },
    "Michelle Brown":{
        "age":35,
        "address":"Turku",
        "occupation":"Facilities manager"
    },
    "Victoria Perry":{
        "age":42,
        "address":"Siikainen",
        "occupation":"Animator"
    },
    "Jordan Brown":{
        "age":60,
        "address":"Lumijoki",
        "occupation":"Animator"
    },
    "Johnny Campbell":{
        "age":33,
        "address":"Somero",
        "occupation":"Facilities manager"
    },
    "David Campbell":{
        "age":51,
        "address":"Loimaa",
        "occupation":"Civil engineer  consulting"
    },
    "Carrie Underwood":{
        "age":49,
        "address":"Somero",
        "occupation":"Psychologist  sport and exercise"
    },
    "Wanda Mason":{
        "age":48,
        "address":"Lumijoki",
        "occupation":"Psychologist  sport and exercise"
    },
    "Tim Brown":{
        "age":40,
        "address":"Taivassalo",
        "occupation":"Veterinary surgeon"
    },
    "James Mason":{
        "age":24,
        "address":"Keuruu",
        "occupation":"Technical author"
    },
    "Rodney Underwood":{
        "age":26,
        "address":"Loimaa",
        "occupation":"Technical author"
    }
}