{
    "Michelle Hughes":{
        "age":45,
        "address":"Haapajarvi",
        "occupation":"Civil engineer  consulting"
    },
    "Lisa Cline":{
        "age":45,
        "address":"Kontiolahti",
        "occupation":"Designer  blown glass\/stained glass"
    },
    "James Franklin":{
        "age":57,
        "address":"Muurame",
        "occupation":"Recruitment consultant"
    },
    "Linda Brown":{
        "age":47,
        "address":"Taivassalo",
        "occupation":"Recruitment consultant"
    },
    "Lisa Campbell":{
        "age":37,
        "address":"Loimaa",
        "occupation":"Facilities manager"
    },
    "Tim Combs":{
        "age":36,
        "address":"Kurikka",
        "occupation":"Geologist  engineering"
    },
    "Tim Johnson":{
        "age":37,
        "address":"Pelkosenniemi",
        "occupation":"Microbiologist"
    },
    "David Underwood":{
        "age":51,
        "address":"Askola",
        "occupation":"Geologist  engineering"
    },
    "Rodney Jones":{
        "age":22,
        "address":"Haapajarvi",
        "occupation":"Hotel manager"
    },
    "Elizabeth Franklin":{
        "age":24,
        "address":"Keuruu",
        "occupation":"Technical author"
    },
    "Linda Hayes":{
        "age":32,
        "address":"Haapajarvi",
        "occupation":"Research officer  political party"
    },
    "Rodney Underwood":{
        "age":33,
        "address":"Lumijoki",
        "occupation":"Civil Service administrator"
    },
    "Jordan Knox":{
        "age":51,
        "address":"Muurame",
        "occupation":"Accountant  chartered public finance"
    },
    "Elizabeth Atkins":{
        "age":45,
        "address":"Haapavesi",
        "occupation":"Psychologist  sport and exercise"
    },
    "Anna Mason":{
        "age":45,
        "address":"Muurame",
        "occupation":"Technical author"
    },
    "Jordan Brown":{
        "age":42,
        "address":"Alavieska",
        "occupation":"Music tutor"
    },
    "Brandy Hughes":{
        "age":44,
        "address":"Alavieska",
        "occupation":"Technical author"
    },
    "Michelle Campbell":{
        "age":38,
        "address":"Kaskinen",
        "occupation":"Recruitment consultant"
    },
    "Tim Cline":{
        "age":28,
        "address":"Narpio",
        "occupation":"Therapist  occupational"
    },
    "Carrie Mason":{
        "age":19,
        "address":"Haapajarvi",
        "occupation":"Technical author"
    },
    "Linda Smith":{
        "age":23,
        "address":"Pelkosenniemi",
        "occupation":"Research officer  political party"
    },
    "Brandy Mason":{
        "age":56,
        "address":"Siikainen",
        "occupation":"Psychologist  sport and exercise"
    },
    "Yolanda Campbell":{
        "age":43,
        "address":"Muurame",
        "occupation":"Technical author"
    },
    "Yolanda Powell":{
        "age":31,
        "address":"Pelkosenniemi",
        "occupation":"Therapist  occupational"
    },
    "Yolanda Franklin":{
        "age":27,
        "address":"Kurikka",
        "occupation":"Fitness centre manager"
    },
    "Victoria Knox":{
        "age":22,
        "address":"Haapajarvi",
        "occupation":"Recruitment consultant"
    },
    "James Perry":{
        "age":63,
        "address":"Kontiolahti",
        "occupation":"Civil engineer  consulting"
    },
    "Jordan Cline":{
        "age":57,
        "address":"Alavieska",
        "occupation":"Music tutor"
    },
    "Michael Mason":{
        "age":27,
        "address":"Haapajarvi",
        "occupation":"Animator"
    },
    "Wanda Hughes":{
        "age":29,
        "address":"Askola",
        "occupation":"Hotel manager"
    },
    "Tim Smith":{
        "age":62,
        "address":"Askola",
        "occupation":"Facilities manager"
    },
    "Raymond Cline":{
        "age":43,
        "address":"Pelkosenniemi",
        "occupation":"Fitness centre manager"
    },
    "Wanda Johnson":{
        "age":58,
        "address":"Lumijoki",
        "occupation":"Contracting civil engineer"
    },
    "James Underwood":{
        "age":38,
        "address":"Haapajarvi",
        "occupation":"Veterinary surgeon"
    },
    "Michael Campbell":{
        "age":40,
        "address":"Narpio",
        "occupation":"Civil engineer  consulting"
    },
    "Michelle Cline":{
        "age":43,
        "address":"Taivassalo",
        "occupation":"Microbiologist"
    },
    "Yolanda Knox":{
        "age":55,
        "address":"Taivassalo",
        "occupation":"Veterinary surgeon"
    },
    "Johnny Combs":{
        "age":24,
        "address":"Narpio",
        "occupation":"Animator"
    },
    "Jordan Martin":{
        "age":43,
        "address":"Imatra",
        "occupation":"Geologist  engineering"
    },
    "Wanda Atkins":{
        "age":28,
        "address":"Kaskinen",
        "occupation":"Geologist  engineering"
    },
    "Linda Martin":{
        "age":42,
        "address":"Pirkkala",
        "occupation":"Animator"
    },
    "Trevor Johnson":{
        "age":40,
        "address":"Kurikka",
        "occupation":"Music tutor"
    },
    "Michelle Franklin":{
        "age":60,
        "address":"Loimaa",
        "occupation":"Facilities manager"
    },
    "Lisa Franklin":{
        "age":50,
        "address":"Imatra",
        "occupation":"Recruitment consultant"
    },
    "Erin Martin":{
        "age":23,
        "address":"Siikainen",
        "occupation":"Therapist  occupational"
    },
    "Yolanda Combs":{
        "age":38,
        "address":"Haapajarvi",
        "occupation":"Accountant  chartered public finance"
    },
    "Lisa Knox":{
        "age":41,
        "address":"Haapajarvi",
        "occupation":"Economist"
    },
    "Johnny Franklin":{
        "age":53,
        "address":"Muurame",
        "occupation":"Economist"
    },
    "Linda Berry":{
        "age":22,
        "address":"Askola",
        "occupation":"Psychologist  sport and exercise"
    },
    "Raymond Powell":{
        "age":41,
        "address":"Siikainen",
        "occupation":"Economist"
    },
    "Yolanda Johnson":{
        "age":30,
        "address":"Pelkosenniemi",
        "occupation":"Research officer  political party"
    },
    "Linda Franklin":{
        "age":59,
        "address":"Loimaa",
        "occupation":"Psychologist  sport and exercise"
    },
    "Johnny Knox":{
        "age":57,
        "address":"Kurikka",
        "occupation":"Designer  blown glass\/stained glass"
    },
    "Brandy Combs":{
        "age":22,
        "address":"Pelkosenniemi",
        "occupation":"Recruitment consultant"
    },
    "Lisa Martin":{
        "age":31,
        "address":"Alavieska",
        "occupation":"Facilities manager"
    },
    "Jordan Jones":{
        "age":31,
        "address":"Turku",
        "occupation":"Technical author"
    },
    "Anna Knox":{
        "age":19,
        "address":"Haapajarvi",
        "occupation":"Civil Service administrator"
    },
    "Victoria Berry":{
        "age":44,
        "address":"Kaskinen",
        "occupation":"Designer  blown glass\/stained glass"
    },
    "Jordan Atkins":{
        "age":28,
        "address":"Siikainen",
        "occupation":"Animator"
    },
    "Linda Perry":{
        "age":35,
        "address":"Kurikka",
        "occupation":"Technical author"
    },
    "Raymond Ramirez":{
        "age":56,
        "address":"Askola",
        "occupation":"Animator"
    },
    "Elizabeth Brown":{
        "age":44,
        "address":"Muurame",
        "occupation":"Civil engineer  consulting"
    },
    "Michelle Martin":{
        "age":56,
        "address":"Pelkosenniemi",
        "occupation":"Animator"
    },
    "Yolanda Mason":{
        "age":29,
        "address":"Haapavesi",
        "occupation":"Microbiologist"
    },
    "Carrie Atkins":{
        "age":30,
        "address":"Turku",
        "occupation":"Research officer  political party"
    },
    "David Brown":{
        "age":35,
        "address":"Keuruu",
        "occupation":"Facilities manager"
    },
    "David Berry":{
        "age":59,
        "address":"Pelkosenniemi",
        "occupation":"Research officer  political party"
    },
    "Erin Jones":{
        "age":53,
        "address":"Askola",
        "occupation":"Music tutor"
    },
    "Victoria Campbell":{
        "age":41,
        "address":"Askola",
        "occupation":"Research officer  political party"
    },
    "David Perry":{
        "age":39,
        "address":"Somero",
        "occupation":"Economist"
    },
    "Anna Combs":{
        "age":44,
        "address":"Taivassalo",
        "occupation":"Veterinary surgeon"
    },
    "David Hughes":{
        "age":37,
        "address":"Kurikka",
        "occupation":"Economist"
    },
    "Elizabeth Jones":{
        "age":49,
        "address":"Askola",
        "occupation":"Research officer  political party"
    },
    "Carrie Jones":{
        "age":34,
        "address":"Turku",
        "occupation":"Accountant  chartered public finance"
    },
    "Elizabeth Smith":{
        "age":35,
        "address":"Somero",
        "occupation":"Animator"
    },
    "Raymond Underwood":{
        "age":29,
        "address":"Muurame",
        "occupation":"Research officer  political party"
    },
    "Brandy Powell":{
        "age":51,
        "address":"Haapajarvi",
        "occupation":"Civil engineer  consulting"
    },
    "Wanda Brown":{
        "age":46,
        "address":"Loimaa",
        "occupation":"Veterinary surgeon"
    },
    "Yolanda Cline":{
        "age":27,
        "address":"Siikainen",
        "occupation":"Civil engineer  consulting"
    },
    "Michelle Brown":{
        "age":59,
        "address":"Haapavesi",
        "occupation":"Contracting civil engineer"
    },
    "Erin Perry":{
        "age":54,
        "address":"Turku",
        "occupation":"Hotel manager"
    },
    "Trevor Campbell":{
        "age":33,
        "address":"Pelkosenniemi",
        "occupation":"Animator"
    },
    "Johnny Campbell":{
        "age":23,
        "address":"Haapajarvi",
        "occupation":"Contracting civil engineer"
    },
    "Anna Ramirez":{
        "age":27,
        "address":"Somero",
        "occupation":"Accountant  chartered public finance"
    },
    "Raymond Franklin":{
        "age":61,
        "address":"Haapavesi",
        "occupation":"Recruitment consultant"
    },
    "Wanda Ramirez":{
        "age":45,
        "address":"Narpio",
        "occupation":"Civil Service administrator"
    },
    "Elizabeth Cline":{
        "age":54,
        "address":"Kaskinen",
        "occupation":"Civil engineer  consulting"
    },
    "Elizabeth Hayes":{
        "age":19,
        "address":"Imatra",
        "occupation":"Music tutor"
    }
}