{
    "Brandy Knox":{
        "age":49,
        "address":"Alavieska",
        "occupation":"Technical author"
    },
    "Elizabeth Perry":{
        "age":40,
        "address":"Keuruu",
        "occupation":"Animator"
    },
    "Trevor Jones":{
        "age":25,
        "address":"Haapajarvi",
        "occupation":"Technical author"
    },
    "Anna Hughes":{
        "age":45,
        "address":"Muurame",
        "occupation":"Civil engineer  consulting"
    },
    "David Underwood":{
        "age":33,
        "address":"Kontiolahti",
        "occupation":"Animator"
    },
    "Erin Berry":{
        "age":60,
        "address":"Keuruu",
        "occupation":"Contracting civil engineer"
    },
    "Jordan Hughes":{
        "age":43,
        "address":"Askola",
        "occupation":"Facilities manager"
    },
    "Tim Berry":{
        "age":52,
        "address":"Taivassalo",
        "occupation":"Hotel manager"
    },
    "Victoria Johnson":{
        "age":41,
        "address":"Kaskinen",
        "occupation":"Geologist  engineering"
    },
    "Trevor Powell":{
        "age":45,
        "address":"Somero",
        "occupation":"Psychologist  sport and exercise"
    },
    "Rodney Campbell":{
        "age":49,
        "address":"Keuruu",
        "occupation":"Animator"
    },
    "Erin Cline":{
        "age":51,
        "address":"Turku",
        "occupation":"Technical author"
    },
    "Michael Hughes":{
        "age":20,
        "address":"Lumijoki",
        "occupation":"Civil Service administrator"
    },
    "Tim Ramirez":{
        "age":59,
        "address":"Muurame",
        "occupation":"Therapist  occupational"
    },
    "Lisa Jones":{
        "age":50,
        "address":"Alavieska",
        "occupation":"Psychologist  sport and exercise"
    },
    "David Martin":{
        "age":47,
        "address":"Haapajarvi",
        "occupation":"Accountant  chartered public finance"
    },
    "Raymond Hayes":{
        "age":59,
        "address":"Kontiolahti",
        "occupation":"Facilities manager"
    },
    "Lisa Brown":{
        "age":46,
        "address":"Pelkosenniemi",
        "occupation":"Psychologist  sport and exercise"
    },
    "Lisa Perry":{
        "age":45,
        "address":"Turku",
        "occupation":"Recruitment consultant"
    },
    "Carrie Hughes":{
        "age":39,
        "address":"Alavieska",
        "occupation":"Designer  blown glass\/stained glass"
    },
    "Carrie Powell":{
        "age":46,
        "address":"Siikainen",
        "occupation":"Recruitment consultant"
    },
    "Michael Powell":{
        "age":58,
        "address":"Kurikka",
        "occupation":"Civil engineer  consulting"
    },
    "Johnny Brown":{
        "age":39,
        "address":"Pirkkala",
        "occupation":"Recruitment consultant"
    },
    "Brandy Combs":{
        "age":31,
        "address":"Kurikka",
        "occupation":"Civil engineer  consulting"
    },
    "Michael Berry":{
        "age":22,
        "address":"Kaskinen",
        "occupation":"Hotel manager"
    },
    "Michelle Atkins":{
        "age":41,
        "address":"Kontiolahti",
        "occupation":"Geologist  engineering"
    },
    "Carrie Franklin":{
        "age":50,
        "address":"Alavieska",
        "occupation":"Music tutor"
    },
    "Anna Powell":{
        "age":60,
        "address":"Turku",
        "occupation":"Economist"
    },
    "Michael Franklin":{
        "age":37,
        "address":"Pirkkala",
        "occupation":"Civil Service administrator"
    },
    "Jordan Atkins":{
        "age":59,
        "address":"Haapavesi",
        "occupation":"Hotel manager"
    },
    "Trevor Franklin":{
        "age":47,
        "address":"Siikainen",
        "occupation":"Contracting civil engineer"
    },
    "Michelle Brown":{
        "age":20,
        "address":"Siikainen",
        "occupation":"Veterinary surgeon"
    },
    "Raymond Atkins":{
        "age":45,
        "address":"Kurikka",
        "occupation":"Recruitment consultant"
    },
    "David Knox":{
        "age":62,
        "address":"Haapajarvi",
        "occupation":"Hotel manager"
    },
    "James Ramirez":{
        "age":34,
        "address":"Kontiolahti",
        "occupation":"Civil Service administrator"
    },
    "Linda Berry":{
        "age":59,
        "address":"Imatra",
        "occupation":"Microbiologist"
    },
    "Michael Smith":{
        "age":63,
        "address":"Alavieska",
        "occupation":"Economist"
    },
    "Carrie Jones":{
        "age":46,
        "address":"Pelkosenniemi",
        "occupation":"Psychologist  sport and exercise"
    },
    "Lisa Johnson":{
        "age":33,
        "address":"Haapajarvi",
        "occupation":"Fitness centre manager"
    },
    "David Franklin":{
        "age":37,
        "address":"Haapavesi",
        "occupation":"Facilities manager"
    },
    "Victoria Smith":{
        "age":62,
        "address":"Haapajarvi",
        "occupation":"Geologist  engineering"
    },
    "Michael Hayes":{
        "age":20,
        "address":"Kontiolahti",
        "occupation":"Animator"
    },
    "Carrie Atkins":{
        "age":28,
        "address":"Haapajarvi",
        "occupation":"Contracting civil engineer"
    },
    "Brandy Ramirez":{
        "age":60,
        "address":"Muurame",
        "occupation":"Technical author"
    },
    "Brandy Smith":{
        "age":32,
        "address":"Lumijoki",
        "occupation":"Civil Service administrator"
    },
    "Trevor Smith":{
        "age":23,
        "address":"Lumijoki",
        "occupation":"Technical author"
    },
    "Wanda Hayes":{
        "age":35,
        "address":"Loimaa",
        "occupation":"Recruitment consultant"
    },
    "Anna Knox":{
        "age":43,
        "address":"Kaskinen",
        "occupation":"Civil Service administrator"
    },
    "Michael Johnson":{
        "age":62,
        "address":"Narpio",
        "occupation":"Economist"
    },
    "David Hughes":{
        "age":31,
        "address":"Imatra",
        "occupation":"Music tutor"
    },
    "Brandy Powell":{
        "age":42,
        "address":"Alavieska",
        "occupation":"Therapist  occupational"
    },
    "Johnny Combs":{
        "age":36,
        "address":"Pirkkala",
        "occupation":"Designer  blown glass\/stained glass"
    },
    "Lisa Combs":{
        "age":24,
        "address":"Siikainen",
        "occupation":"Geologist  engineering"
    },
    "Johnny Jones":{
        "age":51,
        "address":"Somero",
        "occupation":"Psychologist  sport and exercise"
    },
    "Anna Martin":{
        "age":23,
        "address":"Narpio",
        "occupation":"Animator"
    },
    "Erin Combs":{
        "age":21,
        "address":"Askola",
        "occupation":"Fitness centre manager"
    },
    "Anna Hayes":{
        "age":52,
        "address":"Haapavesi",
        "occupation":"Accountant  chartered public finance"
    },
    "Rodney Berry":{
        "age":51,
        "address":"Siikainen",
        "occupation":"Facilities manager"
    },
    "Johnny Berry":{
        "age":24,
        "address":"Somero",
        "occupation":"Veterinary surgeon"
    },
    "Victoria Atkins":{
        "age":51,
        "address":"Muurame",
        "occupation":"Designer  blown glass\/stained glass"
    },
    "Lisa Mason":{
        "age":59,
        "address":"Pirkkala",
        "occupation":"Civil engineer  consulting"
    },
    "Yolanda Knox":{
        "age":42,
        "address":"Siikainen",
        "occupation":"Facilities manager"
    },
    "Anna Smith":{
        "age":25,
        "address":"Haapajarvi",
        "occupation":"Veterinary surgeon"
    },
    "David Ramirez":{
        "age":50,
        "address":"Muurame",
        "occupation":"Contracting civil engineer"
    },
    "David Powell":{
        "age":45,
        "address":"Muurame",
        "occupation":"Civil engineer  consulting"
    },
    "Linda Mason":{
        "age":33,
        "address":"Muurame",
        "occupation":"Music tutor"
    },
    "Raymond Martin":{
        "age":62,
        "address":"Kurikka",
        "occupation":"Microbiologist"
    },
    "Anna Brown":{
        "age":53,
        "address":"Loimaa",
        "occupation":"Civil engineer  consulting"
    },
    "Victoria Franklin":{
        "age":49,
        "address":"Pelkosenniemi",
        "occupation":"Civil engineer  consulting"
    },
    "Rodney Hughes":{
        "age":40,
        "address":"Pirkkala",
        "occupation":"Technical author"
    },
    "Michael Campbell":{
        "age":26,
        "address":"Alavieska",
        "occupation":"Designer  blown glass\/stained glass"
    },
    "Trevor Berry":{
        "age":26,
        "address":"Kaskinen",
        "occupation":"Technical author"
    },
    "Anna Johnson":{
        "age":54,
        "address":"Kaskinen",
        "occupation":"Psychologist  sport and exercise"
    },
    "Michael Underwood":{
        "age":27,
        "address":"Imatra",
        "occupation":"Psychologist  sport and exercise"
    },
    "Brandy Hayes":{
        "age":57,
        "address":"Alavieska",
        "occupation":"Civil Service administrator"
    },
    "Wanda Jones":{
        "age":26,
        "address":"Askola",
        "occupation":"Economist"
    },
    "Raymond Jones":{
        "age":40,
        "address":"Haapajarvi",
        "occupation":"Facilities manager"
    },
    "Rodney Ramirez":{
        "age":56,
        "address":"Askola",
        "occupation":"Contracting civil engineer"
    },
    "David Brown":{
        "age":21,
        "address":"Haapajarvi",
        "occupation":"Hotel manager"
    },
    "Elizabeth Martin":{
        "age":24,
        "address":"Pirkkala",
        "occupation":"Recruitment consultant"
    },
    "Rodney Knox":{
        "age":47,
        "address":"Lumijoki",
        "occupation":"Music tutor"
    },
    "Victoria Jones":{
        "age":20,
        "address":"Pirkkala",
        "occupation":"Facilities manager"
    },
    "Erin Knox":{
        "age":42,
        "address":"Haapavesi",
        "occupation":"Hotel manager"
    },
    "Erin Hayes":{
        "age":63,
        "address":"Kurikka",
        "occupation":"Civil Service administrator"
    },
    "Raymond Mason":{
        "age":54,
        "address":"Loimaa",
        "occupation":"Therapist  occupational"
    },
    "Rodney Cline":{
        "age":34,
        "address":"Askola",
        "occupation":"Music tutor"
    },
    "Elizabeth Campbell":{
        "age":19,
        "address":"Kontiolahti",
        "occupation":"Technical author"
    },
    "Tim Franklin":{
        "age":25,
        "address":"Taivassalo",
        "occupation":"Research officer  political party"
    },
    "Victoria Campbell":{
        "age":62,
        "address":"Turku",
        "occupation":"Geologist  engineering"
    },
    "David Atkins":{
        "age":35,
        "address":"Pirkkala",
        "occupation":"Geologist  engineering"
    },
    "Victoria Berry":{
        "age":42,
        "address":"Alavieska",
        "occupation":"Facilities manager"
    },
    "Erin Mason":{
        "age":57,
        "address":"Taivassalo",
        "occupation":"Designer  blown glass\/stained glass"
    }
}