{
    "Brandy Ramirez":{
        "age":62,
        "address":"Kurikka",
        "occupation":"Hotel manager"
    },
    "Brandy Atkins":{
        "age":45,
        "address":"Keuruu",
        "occupation":"Civil engineer  consulting"
    },
    "Michael Martin":{
        "age":19,
        "address":"Pirkkala",
        "occupation":"Technical author"
    },
    "Tim Atkins":{
        "age":61,
        "address":"Alavieska",
        "occupation":"Microbiologist"
    },
    "Erin Smith":{
        "age":40,
        "address":"Taivassalo",
        "occupation":"Civil Service administrator"
    },
    "Carrie Jones":{
        "age":48,
        "address":"Kontiolahti",
        "occupation":"Facilities manager"
    },
    "Erin Atkins":{
        "age":38,
        "address":"Keuruu",
        "occupation":"Accountant  chartered public finance"
    },
    "Jordan Martin":{
        "age":30,
        "address":"Keuruu",
        "occupation":"Recruitment consultant"
    },
    "James Berry":{
        "age":59,
        "address":"Pelkosenniemi",
        "occupation":"Fitness centre manager"
    },
    "David Campbell":{
        "age":58,
        "address":"Alavieska",
        "occupation":"Fitness centre manager"
    },
    "Victoria Smith":{
        "age":62,
        "address":"Askola",
        "occupation":"Civil Service administrator"
    },
    "Yolanda Ramirez":{
        "age":30,
        "address":"Haapajarvi",
        "occupation":"Therapist  occupational"
    },
    "Rodney Smith":{
        "age":41,
        "address":"Muurame",
        "occupation":"Civil Service administrator"
    },
    "Tim Perry":{
        "age":58,
        "address":"Haapavesi",
        "occupation":"Hotel manager"
    },
    "Lisa Franklin":{
        "age":61,
        "address":"Kaskinen",
        "occupation":"Civil Service administrator"
    },
    "David Smith":{
        "age":39,
        "address":"Kaskinen",
        "occupation":"Music tutor"
    },
    "Michelle Johnson":{
        "age":30,
        "address":"Muurame",
        "occupation":"Facilities manager"
    },
    "Lisa Atkins":{
        "age":50,
        "address":"Taivassalo",
        "occupation":"Geologist  engineering"
    },
    "Tim Underwood":{
        "age":46,
        "address":"Muurame",
        "occupation":"Accountant  chartered public finance"
    },
    "Victoria Jones":{
        "age":57,
        "address":"Keuruu",
        "occupation":"Recruitment consultant"
    },
    "Carrie Mason":{
        "age":21,
        "address":"Turku",
        "occupation":"Facilities manager"
    },
    "Wanda Hayes":{
        "age":33,
        "address":"Turku",
        "occupation":"Geologist  engineering"
    },
    "Anna Mason":{
        "age":20,
        "address":"Siikainen",
        "occupation":"Animator"
    },
    "Wanda Ramirez":{
        "age":30,
        "address":"Siikainen",
        "occupation":"Microbiologist"
    },
    "Carrie Atkins":{
        "age":29,
        "address":"Pelkosenniemi",
        "occupation":"Recruitment consultant"
    },
    "Victoria Hayes":{
        "age":49,
        "address":"Loimaa",
        "occupation":"Facilities manager"
    },
    "Wanda Jones":{
        "age":47,
        "address":"Muurame",
        "occupation":"Designer  blown glass\/stained glass"
    },
    "Anna Campbell":{
        "age":62,
        "address":"Turku",
        "occupation":"Music tutor"
    },
    "Trevor Berry":{
        "age":63,
        "address":"Kaskinen",
        "occupation":"Hotel manager"
    },
    "Victoria Martin":{
        "age":45,
        "address":"Turku",
        "occupation":"Economist"
    },
    "Rodney Mason":{
        "age":57,
        "address":"Alavieska",
        "occupation":"Recruitment consultant"
    },
    "Rodney Hayes":{
        "age":51,
        "address":"Pirkkala",
        "occupation":"Microbiologist"
    },
    "Linda Smith":{
        "age":60,
        "address":"Turku",
        "occupation":"Designer  blown glass\/stained glass"
    },
    "Michelle Powell":{
        "age":58,
        "address":"Muurame",
        "occupation":"Animator"
    },
    "Erin Hughes":{
        "age":48,
        "address":"Pelkosenniemi",
        "occupation":"Facilities manager"
    },
    "Brandy Underwood":{
        "age":28,
        "address":"Kaskinen",
        "occupation":"Civil Service administrator"
    },
    "Rodney Powell":{
        "age":42,
        "address":"Pirkkala",
        "occupation":"Fitness centre manager"
    },
    "Linda Perry":{
        "age":51,
        "address":"Alavieska",
        "occupation":"Microbiologist"
    },
    "Yolanda Mason":{
        "age":60,
        "address":"Haapajarvi",
        "occupation":"Economist"
    },
    "Anna Perry":{
        "age":63,
        "address":"Narpio",
        "occupation":"Facilities manager"
    },
    "Michael Jones":{
        "age":34,
        "address":"Lumijoki",
        "occupation":"Fitness centre manager"
    },
    "Tim Mason":{
        "age":29,
        "address":"Pirkkala",
        "occupation":"Veterinary surgeon"
    },
    "Trevor Johnson":{
        "age":21,
        "address":"Askola",
        "occupation":"Accountant  chartered public finance"
    },
    "Johnny Mason":{
        "age":55,
        "address":"Turku",
        "occupation":"Geologist  engineering"
    },
    "Carrie Hughes":{
        "age":63,
        "address":"Haapajarvi",
        "occupation":"Music tutor"
    },
    "Linda Powell":{
        "age":41,
        "address":"Imatra",
        "occupation":"Contracting civil engineer"
    },
    "Wanda Johnson":{
        "age":58,
        "address":"Askola",
        "occupation":"Economist"
    },
    "Johnny Johnson":{
        "age":42,
        "address":"Somero",
        "occupation":"Civil Service administrator"
    },
    "Lisa Martin":{
        "age":34,
        "address":"Imatra",
        "occupation":"Civil engineer  consulting"
    },
    "David Combs":{
        "age":48,
        "address":"Kontiolahti",
        "occupation":"Therapist  occupational"
    },
    "Michelle Martin":{
        "age":36,
        "address":"Pirkkala",
        "occupation":"Technical author"
    },
    "Carrie Martin":{
        "age":59,
        "address":"Haapajarvi",
        "occupation":"Economist"
    },
    "Tim Combs":{
        "age":44,
        "address":"Pirkkala",
        "occupation":"Animator"
    },
    "Johnny Martin":{
        "age":23,
        "address":"Loimaa",
        "occupation":"Designer  blown glass\/stained glass"
    },
    "Yolanda Cline":{
        "age":54,
        "address":"Haapavesi",
        "occupation":"Microbiologist"
    },
    "Jordan Johnson":{
        "age":24,
        "address":"Siikainen",
        "occupation":"Economist"
    },
    "Brandy Smith":{
        "age":59,
        "address":"Pirkkala",
        "occupation":"Technical author"
    },
    "Elizabeth Hughes":{
        "age":35,
        "address":"Somero",
        "occupation":"Animator"
    },
    "Michelle Jones":{
        "age":36,
        "address":"Kurikka",
        "occupation":"Music tutor"
    },
    "Linda Brown":{
        "age":22,
        "address":"Pirkkala",
        "occupation":"Accountant  chartered public finance"
    },
    "Carrie Smith":{
        "age":33,
        "address":"Kaskinen",
        "occupation":"Recruitment consultant"
    },
    "Wanda Perry":{
        "age":26,
        "address":"Askola",
        "occupation":"Research officer  political party"
    },
    "Michelle Combs":{
        "age":39,
        "address":"Siikainen",
        "occupation":"Animator"
    },
    "Jordan Powell":{
        "age":34,
        "address":"Haapajarvi",
        "occupation":"Recruitment consultant"
    },
    "Trevor Franklin":{
        "age":53,
        "address":"Imatra",
        "occupation":"Research officer  political party"
    },
    "Carrie Franklin":{
        "age":24,
        "address":"Haapavesi",
        "occupation":"Music tutor"
    },
    "Erin Powell":{
        "age":49,
        "address":"Taivassalo",
        "occupation":"Recruitment consultant"
    },
    "Jordan Knox":{
        "age":53,
        "address":"Muurame",
        "occupation":"Psychologist  sport and exercise"
    },
    "James Cline":{
        "age":29,
        "address":"Siikainen",
        "occupation":"Animator"
    },
    "Trevor Campbell":{
        "age":60,
        "address":"Askola",
        "occupation":"Psychologist  sport and exercise"
    },
    "Elizabeth Atkins":{
        "age":51,
        "address":"Imatra",
        "occupation":"Microbiologist"
    },
    "Linda Combs":{
        "age":22,
        "address":"Kaskinen",
        "occupation":"Civil Service administrator"
    },
    "Michelle Smith":{
        "age":47,
        "address":"Siikainen",
        "occupation":"Psychologist  sport and exercise"
    },
    "David Hayes":{
        "age":46,
        "address":"Pirkkala",
        "occupation":"Psychologist  sport and exercise"
    },
    "Trevor Brown":{
        "age":63,
        "address":"Haapajarvi",
        "occupation":"Research officer  political party"
    },
    "Carrie Knox":{
        "age":57,
        "address":"Alavieska",
        "occupation":"Civil Service administrator"
    },
    "Trevor Knox":{
        "age":44,
        "address":"Kurikka",
        "occupation":"Veterinary surgeon"
    },
    "Michelle Mason":{
        "age":39,
        "address":"Narpio",
        "occupation":"Music tutor"
    },
    "David Ramirez":{
        "age":37,
        "address":"Haapavesi",
        "occupation":"Geologist  engineering"
    },
    "Raymond Perry":{
        "age":42,
        "address":"Somero",
        "occupation":"Civil engineer  consulting"
    },
    "David Johnson":{
        "age":53,
        "address":"Kaskinen",
        "occupation":"Psychologist  sport and exercise"
    },
    "Anna Atkins":{
        "age":59,
        "address":"Kontiolahti",
        "occupation":"Fitness centre manager"
    },
    "Trevor Hughes":{
        "age":48,
        "address":"Kontiolahti",
        "occupation":"Therapist  occupational"
    }
}