{
    "James Mason":{
        "age":55,
        "address":"Kurikka",
        "occupation":"Designer  blown glass\/stained glass"
    },
    "James Jones":{
        "age":46,
        "address":"Muurame",
        "occupation":"Contracting civil engineer"
    },
    "Erin Jones":{
        "age":47,
        "address":"Pelkosenniemi",
        "occupation":"Contracting civil engineer"
    },
    "Yolanda Martin":{
        "age":52,
        "address":"Somero",
        "occupation":"Geologist  engineering"
    },
    "Rodney Atkins":{
        "age":43,
        "address":"Kontiolahti",
        "occupation":"Civil Service administrator"
    },
    "Michelle Combs":{
        "age":48,
        "address":"Kaskinen",
        "occupation":"Economist"
    },
    "Michelle Knox":{
        "age":45,
        "address":"Turku",
        "occupation":"Therapist  occupational"
    },
    "Tim Johnson":{
        "age":36,
        "address":"Pirkkala",
        "occupation":"Microbiologist"
    },
    "Victoria Perry":{
        "age":61,
        "address":"Pelkosenniemi",
        "occupation":"Civil engineer  consulting"
    },
    "Wanda Johnson":{
        "age":61,
        "address":"Loimaa",
        "occupation":"Recruitment consultant"
    },
    "Raymond Berry":{
        "age":29,
        "address":"Keuruu",
        "occupation":"Designer  blown glass\/stained glass"
    },
    "Johnny Cline":{
        "age":26,
        "address":"Alavieska",
        "occupation":"Hotel manager"
    },
    "David Berry":{
        "age":24,
        "address":"Turku",
        "occupation":"Microbiologist"
    },
    "Michael Hayes":{
        "age":20,
        "address":"Imatra",
        "occupation":"Fitness centre manager"
    },
    "Yolanda Atkins":{
        "age":60,
        "address":"Kontiolahti",
        "occupation":"Contracting civil engineer"
    },
    "Lisa Berry":{
        "age":25,
        "address":"Haapavesi",
        "occupation":"Microbiologist"
    },
    "Brandy Combs":{
        "age":52,
        "address":"Kaskinen",
        "occupation":"Microbiologist"
    },
    "Victoria Hughes":{
        "age":47,
        "address":"Haapavesi",
        "occupation":"Accountant  chartered public finance"
    },
    "Rodney Perry":{
        "age":50,
        "address":"Somero",
        "occupation":"Fitness centre manager"
    },
    "Lisa Brown":{
        "age":28,
        "address":"Askola",
        "occupation":"Veterinary surgeon"
    },
    "Carrie Hughes":{
        "age":53,
        "address":"Askola",
        "occupation":"Psychologist  sport and exercise"
    },
    "Brandy Underwood":{
        "age":50,
        "address":"Taivassalo",
        "occupation":"Recruitment consultant"
    },
    "Johnny Johnson":{
        "age":42,
        "address":"Taivassalo",
        "occupation":"Designer  blown glass\/stained glass"
    },
    "James Underwood":{
        "age":61,
        "address":"Somero",
        "occupation":"Geologist  engineering"
    },
    "Jordan Martin":{
        "age":31,
        "address":"Imatra",
        "occupation":"Music tutor"
    },
    "Trevor Cline":{
        "age":42,
        "address":"Lumijoki",
        "occupation":"Facilities manager"
    },
    "Anna Berry":{
        "age":43,
        "address":"Pelkosenniemi",
        "occupation":"Fitness centre manager"
    },
    "Erin Perry":{
        "age":31,
        "address":"Loimaa",
        "occupation":"Veterinary surgeon"
    },
    "Michael Jones":{
        "age":29,
        "address":"Haapajarvi",
        "occupation":"Recruitment consultant"
    },
    "David Underwood":{
        "age":25,
        "address":"Kurikka",
        "occupation":"Veterinary surgeon"
    },
    "Anna Campbell":{
        "age":51,
        "address":"Turku",
        "occupation":"Recruitment consultant"
    },
    "Michael Franklin":{
        "age":61,
        "address":"Pelkosenniemi",
        "occupation":"Research officer  political party"
    },
    "Linda Atkins":{
        "age":51,
        "address":"Askola",
        "occupation":"Geologist  engineering"
    },
    "Jordan Franklin":{
        "age":22,
        "address":"Kontiolahti",
        "occupation":"Accountant  chartered public finance"
    },
    "Jordan Mason":{
        "age":25,
        "address":"Loimaa",
        "occupation":"Hotel manager"
    },
    "Jordan Johnson":{
        "age":40,
        "address":"Keuruu",
        "occupation":"Economist"
    },
    "Jordan Hughes":{
        "age":62,
        "address":"Taivassalo",
        "occupation":"Psychologist  sport and exercise"
    },
    "Johnny Martin":{
        "age":29,
        "address":"Kurikka",
        "occupation":"Civil engineer  consulting"
    },
    "Wanda Hayes":{
        "age":55,
        "address":"Keuruu",
        "occupation":"Economist"
    },
    "Wanda Perry":{
        "age":24,
        "address":"Kurikka",
        "occupation":"Veterinary surgeon"
    },
    "Elizabeth Hughes":{
        "age":37,
        "address":"Haapavesi",
        "occupation":"Psychologist  sport and exercise"
    },
    "Lisa Smith":{
        "age":23,
        "address":"Kontiolahti",
        "occupation":"Civil engineer  consulting"
    },
    "Tim Perry":{
        "age":58,
        "address":"Askola",
        "occupation":"Therapist  occupational"
    },
    "Carrie Franklin":{
        "age":29,
        "address":"Somero",
        "occupation":"Recruitment consultant"
    },
    "Lisa Underwood":{
        "age":35,
        "address":"Taivassalo",
        "occupation":"Accountant  chartered public finance"
    },
    "Elizabeth Campbell":{
        "age":57,
        "address":"Imatra",
        "occupation":"Technical author"
    },
    "James Franklin":{
        "age":23,
        "address":"Keuruu",
        "occupation":"Fitness centre manager"
    },
    "Lisa Franklin":{
        "age":31,
        "address":"Narpio",
        "occupation":"Hotel manager"
    },
    "Wanda Berry":{
        "age":62,
        "address":"Siikainen",
        "occupation":"Veterinary surgeon"
    },
    "Jordan Combs":{
        "age":48,
        "address":"Somero",
        "occupation":"Psychologist  sport and exercise"
    },
    "Carrie Berry":{
        "age":33,
        "address":"Somero",
        "occupation":"Technical author"
    },
    "Trevor Brown":{
        "age":23,
        "address":"Loimaa",
        "occupation":"Facilities manager"
    },
    "Linda Jones":{
        "age":47,
        "address":"Pelkosenniemi",
        "occupation":"Technical author"
    },
    "Elizabeth Underwood":{
        "age":28,
        "address":"Haapavesi",
        "occupation":"Veterinary surgeon"
    },
    "Anna Powell":{
        "age":62,
        "address":"Keuruu",
        "occupation":"Psychologist  sport and exercise"
    },
    "David Atkins":{
        "age":57,
        "address":"Turku",
        "occupation":"Music tutor"
    },
    "Tim Mason":{
        "age":38,
        "address":"Alavieska",
        "occupation":"Veterinary surgeon"
    },
    "Michael Knox":{
        "age":37,
        "address":"Alavieska",
        "occupation":"Psychologist  sport and exercise"
    },
    "Victoria Powell":{
        "age":58,
        "address":"Narpio",
        "occupation":"Civil Service administrator"
    },
    "Michael Smith":{
        "age":39,
        "address":"Narpio",
        "occupation":"Economist"
    },
    "Linda Combs":{
        "age":35,
        "address":"Alavieska",
        "occupation":"Technical author"
    },
    "Michelle Berry":{
        "age":55,
        "address":"Kaskinen",
        "occupation":"Designer  blown glass\/stained glass"
    },
    "Erin Underwood":{
        "age":40,
        "address":"Imatra",
        "occupation":"Accountant  chartered public finance"
    },
    "Anna Hayes":{
        "age":42,
        "address":"Somero",
        "occupation":"Research officer  political party"
    },
    "Anna Atkins":{
        "age":44,
        "address":"Loimaa",
        "occupation":"Psychologist  sport and exercise"
    },
    "Trevor Campbell":{
        "age":34,
        "address":"Kaskinen",
        "occupation":"Technical author"
    },
    "Michael Campbell":{
        "age":28,
        "address":"Narpio",
        "occupation":"Research officer  political party"
    },
    "Carrie Atkins":{
        "age":42,
        "address":"Pelkosenniemi",
        "occupation":"Contracting civil engineer"
    },
    "Raymond Johnson":{
        "age":38,
        "address":"Keuruu",
        "occupation":"Civil engineer  consulting"
    },
    "James Smith":{
        "age":61,
        "address":"Siikainen",
        "occupation":"Hotel manager"
    },
    "Carrie Powell":{
        "age":59,
        "address":"Somero",
        "occupation":"Designer  blown glass\/stained glass"
    },
    "Tim Hayes":{
        "age":43,
        "address":"Alavieska",
        "occupation":"Geologist  engineering"
    },
    "Wanda Jones":{
        "age":48,
        "address":"Kurikka",
        "occupation":"Designer  blown glass\/stained glass"
    },
    "Jordan Brown":{
        "age":28,
        "address":"Imatra",
        "occupation":"Veterinary surgeon"
    },
    "Brandy Jones":{
        "age":24,
        "address":"Loimaa",
        "occupation":"Psychologist  sport and exercise"
    },
    "Trevor Hughes":{
        "age":24,
        "address":"Kurikka",
        "occupation":"Animator"
    },
    "Victoria Combs":{
        "age":21,
        "address":"Haapavesi",
        "occupation":"Music tutor"
    },
    "Yolanda Hughes":{
        "age":60,
        "address":"Kaskinen",
        "occupation":"Civil engineer  consulting"
    },
    "Carrie Martin":{
        "age":20,
        "address":"Taivassalo",
        "occupation":"Civil engineer  consulting"
    },
    "David Brown":{
        "age":38,
        "address":"Pelkosenniemi",
        "occupation":"Therapist  occupational"
    },
    "Michael Mason":{
        "age":57,
        "address":"Taivassalo",
        "occupation":"Hotel manager"
    },
    "Linda Smith":{
        "age":33,
        "address":"Haapajarvi",
        "occupation":"Economist"
    },
    "Elizabeth Combs":{
        "age":33,
        "address":"Taivassalo",
        "occupation":"Civil engineer  consulting"
    },
    "Wanda Ramirez":{
        "age":22,
        "address":"Muurame",
        "occupation":"Research officer  political party"
    }
}